<?xml version = '1.0' encoding = 'UTF-8'?>
<TableProxyOraclev11g class="oracle.dbtools.crest.model.design.storage.oracle.v11g.TableProxyOraclev11g" name="MC_BAIRRO" directorySegmentName="seg_0" id="BADB545A-523E-2BF2-AD20-71BF84B20E45">
<createdBy>salviop</createdBy>
<createdTime>2013-06-20 00:42:57 UTC</createdTime>
<ownerDesignName>SGV_Melhores_Compras</ownerDesignName>
<logging>YES</logging>
<columnProxies itemClass="oracle.dbtools.crest.model.design.storage.oracle.v12c.ColumnProxyOraclev12c">
<ColumnProxy name="CD_BAIRRO" id="05E6E2FF-C874-436C-D326-E6FA9643E8A4">
<createdBy>salviop</createdBy>
<createdTime>2013-06-20 00:45:13 UTC</createdTime>
<ownerDesignName>SGV_Melhores_Compras</ownerDesignName>
</ColumnProxy>
<ColumnProxy name="CD_CIDADE" id="4F9F6537-9F69-F1D5-5708-B03D23521B25">
<createdBy>salviop</createdBy>
<createdTime>2019-05-15 19:46:49 UTC</createdTime>
<ownerDesignName>SGV_Melhores_Compras</ownerDesignName>
</ColumnProxy>
<ColumnProxy name="NM_BAIRRO" id="9E835B6A-68A7-F7C0-33C7-DA63E93FB8D0">
<createdBy>salviop</createdBy>
<createdTime>2013-06-20 00:45:13 UTC</createdTime>
<ownerDesignName>SGV_Melhores_Compras</ownerDesignName>
</ColumnProxy>
<ColumnProxy name="NM_ZONA_BAIRRO" id="F7C18051-FBCC-DB91-D5C1-BD50D0E2D49D">
<createdBy>salviop</createdBy>
<createdTime>2013-06-20 00:45:13 UTC</createdTime>
<ownerDesignName>SGV_Melhores_Compras</ownerDesignName>
</ColumnProxy>
</columnProxies>
<foreignKeys>
<ForeignKey class="oracle.dbtools.crest.model.design.storage.oracle.v10g.FKProxyOraclev10g" name="FK_MC_BAIRRO_CIDADE" id="E28D21B0-AE63-B4B1-2324-E293893C6B6D">
<createdBy>salviop</createdBy>
<createdTime>2019-05-15 19:46:49 UTC</createdTime>
<ownerDesignName>SGV_Melhores_Compras</ownerDesignName>
</ForeignKey>
</foreignKeys>
<primaryKeys>
<PrimaryKey class="oracle.dbtools.crest.model.design.storage.oracle.v10g.PKProxyOraclev10g" name="PK_MC_BAIRRO" id="BE0D588C-6248-3AFF-7AFD-7980CEE0B289">
<createdBy>salviop</createdBy>
<createdTime>2019-05-15 19:46:49 UTC</createdTime>
<ownerDesignName>SGV_Melhores_Compras</ownerDesignName>
<indexSort>SORTED</indexSort>
</PrimaryKey>
</primaryKeys>
</TableProxyOraclev11g>