<?xml version = '1.0' encoding = 'UTF-8'?>
<Entity class="oracle.dbtools.crest.model.design.logical.Entity" directorySegmentName="seg_0" id="2F01A716-66F0-13FE-8D7F-A1C20526FA2B" name="T_MC_SGV_PRODUTO_VIDEO">
<createdBy>Gustavo Padlipskas</createdBy>
<createdTime>2022-02-15 21:50:24 UTC</createdTime>
<generatorID>B2023A8F-0A1D-3820-7563-6F5C788B9A4B</generatorID>
<ownerDesignName>SGV_Melhores_Compras</ownerDesignName>
<engineerTo>
<item key="D3EA570C-CF09-A95D-0250-B56D1592D2C8" value="true"/>
</engineerTo>
<adequatelyNormalized>NO</adequatelyNormalized>
<expectedVolumes>0</expectedVolumes>
<fwdEngineeringStrategyName>Single Table</fwdEngineeringStrategyName>
<growthPercent>0</growthPercent>
<growthType>Year</growthType>
<maxVolumes>9999999</maxVolumes>
<minVolumes>0</minVolumes>
<normalForm>Third</normalForm>
<shortName>Tabela contendo informações sobre os vídeos dos produtos da Melhores Compras</shortName>
<attributes itemClass="oracle.dbtools.crest.model.design.logical.Attribute">
<Attribute name="CD_PRODUTO" id="DB965E27-8111-8DE7-B772-8A8B33273C1D">
<createdBy>Gustavo Padlipskas</createdBy>
<createdTime>2022-02-15 21:50:24 UTC</createdTime>
<comment><![CDATA[Essa coluna irá armazenar a chave primária da tabela de produtos da Melhorees Compras. A cada produto cadastrado será acionada a Sequence  SQ_MC_PRODUTO que se encarregará de gerar o próximo número único do produto.]]></comment>
<commentInRDBMS><![CDATA[Essa coluna irá armazenar a chave primária da tabela de produtos da Melhorees Compras. A cada produto cadastrado será acionada a Sequence  SQ_MC_PRODUTO que se encarregará de gerar o próximo número único do produto.]]></commentInRDBMS>
<ownerDesignName>SGV_Melhores_Compras</ownerDesignName>
<engineerTo>
<item key="D3EA570C-CF09-A95D-0250-B56D1592D2C8" value="true"/>
</engineerTo>
<useDomainConstraints>false</useDomainConstraints>
<use>1</use>
<logicalDatatype>LOGDT019</logicalDatatype>
<ownDataTypeParameters>,,</ownDataTypeParameters>
</Attribute>
<Attribute name="NR_SEQUENCIA" id="301A8139-369F-76B4-AEF6-6350DDD01E11">
<createdBy>Gustavo Padlipskas</createdBy>
<createdTime>2022-02-15 21:50:24 UTC</createdTime>
<comment><![CDATA[Essa coluna irá armazenar a sequencia do vídeo a partir do codigo do produto. Sempre o primeiro vídeo de determinado  produto deve iniciar com o número 1. Seu conteúdo é obrigatório.]]></comment>
<commentInRDBMS><![CDATA[Essa coluna irá armazenar a sequencia do vídeo a partir do codigo do produto. Sempre o primeiro vídeo de determinado  produto deve iniciar com o número 1. Seu conteúdo é obrigatório.]]></commentInRDBMS>
<generatorID>841F8E3A-5C2D-8E5E-D0D5-86B7F63BF8AE</generatorID>
<ownerDesignName>SGV_Melhores_Compras</ownerDesignName>
<engineerTo>
<item key="D3EA570C-CF09-A95D-0250-B56D1592D2C8" value="true"/>
</engineerTo>
<useDomainConstraints>false</useDomainConstraints>
<use>1</use>
<logicalDatatype>LOGDT019</logicalDatatype>
<dataTypePrecision>3</dataTypePrecision>
<ownDataTypeParameters>,3,</ownDataTypeParameters>
</Attribute>
<Attribute name="CD_CATEGORIA" id="416B8193-F65C-F320-917C-74BE9D740E69">
<createdBy>Gustavo Padlipskas</createdBy>
<createdTime>2022-02-15 21:50:24 UTC</createdTime>
<comment><![CDATA[Essa coluna irá armazenar a chave primária da tabela de categoria de produtos da Melhorees Compras. Cada categoria nova cadastrada  será acionada a Sequence  SQ_MC_CATEGORIA que se encarregará de gerar o próximo número único da categoria..]]></comment>
<commentInRDBMS><![CDATA[Essa coluna irá armazenar a chave primária da tabela de categoria de produtos da Melhorees Compras. Cada categoria nova cadastrada  será acionada a Sequence  SQ_MC_CATEGORIA que se encarregará de gerar o próximo número único da categoria..]]></commentInRDBMS>
<ownerDesignName>SGV_Melhores_Compras</ownerDesignName>
<engineerTo>
<item key="D3EA570C-CF09-A95D-0250-B56D1592D2C8" value="true"/>
</engineerTo>
<useDomainConstraints>false</useDomainConstraints>
<use>1</use>
<logicalDatatype>LOGDT019</logicalDatatype>
<ownDataTypeParameters>,,</ownDataTypeParameters>
</Attribute>
<Attribute name="VD_PRODUTO" id="D61874B6-C58B-F137-A6C4-9CF9D87C8362">
<createdBy>Gustavo Padlipskas</createdBy>
<createdTime>2022-02-15 21:50:24 UTC</createdTime>
<comment><![CDATA[Essa coluna irá armazenar oo vídeo do produto no formato que melhor lhe  convier.  Para utilizar essa coluna tenha acesso a documentação oficial da Oracle. Seu conteúdo é opcional.]]></comment>
<commentInRDBMS><![CDATA[Essa coluna irá armazenar oo vídeo do produto no formato que melhor lhe  convier.  Para utilizar essa coluna tenha acesso a documentação oficial da Oracle. Seu conteúdo é opcional.]]></commentInRDBMS>
<generatorID>7E9B5FE8-F95F-BBC5-5033-C404255A519D</generatorID>
<ownerDesignName>SGV_Melhores_Compras</ownerDesignName>
<engineerTo>
<item key="D3EA570C-CF09-A95D-0250-B56D1592D2C8" value="true"/>
</engineerTo>
<nullsAllowed>true</nullsAllowed>
<useDomainConstraints>false</useDomainConstraints>
<use>1</use>
<logicalDatatype>LOGDT029</logicalDatatype>
<ownDataTypeParameters>,,</ownDataTypeParameters>
</Attribute>
<Attribute name="TP_VIDEO_PROD" id="43347B01-3D31-A93E-1586-036ACF05A300">
<createdBy>Gustavo Padlipskas</createdBy>
<createdTime>2022-02-15 21:50:24 UTC</createdTime>
<comment><![CDATA[Essa coluna irá armazenar o tipo do  vídeo do produto. Seu conteúdo é opcional.]]></comment>
<commentInRDBMS><![CDATA[Essa coluna irá armazenar o tipo do  vídeo do produto. Seu conteúdo é opcional.]]></commentInRDBMS>
<generatorID>68F27392-EC5D-014F-2F75-0F87D52C362C</generatorID>
<ownerDesignName>SGV_Melhores_Compras</ownerDesignName>
<engineerTo>
<item key="D3EA570C-CF09-A95D-0250-B56D1592D2C8" value="true"/>
</engineerTo>
<nullsAllowed>true</nullsAllowed>
<useDomainConstraints>false</useDomainConstraints>
<use>1</use>
<logicalDatatype>LOGDT024</logicalDatatype>
<dataTypeSize>10</dataTypeSize>
<ownDataTypeParameters>10,,</ownDataTypeParameters>
</Attribute>
<Attribute name="DS_PATH_VIDEO_PROD" id="CB4D1179-0C93-CB7B-8FDE-0875700E43B9">
<createdBy>Gustavo Padlipskas</createdBy>
<createdTime>2022-02-15 21:50:24 UTC</createdTime>
<comment><![CDATA[Essa coluna irá armazenar o caminho de acesso (link) contendo o  vídeo do produto. Seu conteúdo é opcional.]]></comment>
<commentInRDBMS><![CDATA[Essa coluna irá armazenar o caminho de acesso (link) contendo o  vídeo do produto. Seu conteúdo é opcional.]]></commentInRDBMS>
<generatorID>DD2A19E7-4C8A-406A-D42F-8A3E827266F8</generatorID>
<ownerDesignName>SGV_Melhores_Compras</ownerDesignName>
<engineerTo>
<item key="D3EA570C-CF09-A95D-0250-B56D1592D2C8" value="true"/>
</engineerTo>
<nullsAllowed>true</nullsAllowed>
<useDomainConstraints>false</useDomainConstraints>
<use>1</use>
<logicalDatatype>LOGDT024</logicalDatatype>
<dataTypeSize>500</dataTypeSize>
<ownDataTypeParameters>500,,</ownDataTypeParameters>
</Attribute>
<Attribute name="ST_VIDEO_PROD" id="4658B878-7F89-FF67-6A46-88483C7EABE6">
<createdBy>Gustavo Padlipskas</createdBy>
<createdTime>2022-02-15 21:50:24 UTC</createdTime>
<comment><![CDATA[Essa coluna irá armazenar o stauts do vídeo do produto da Melhorees Compras. Os valores permitidos aqui são: A(tivo) e I(nativo).]]></comment>
<commentInRDBMS><![CDATA[Essa coluna irá armazenar o stauts do vídeo do produto da Melhorees Compras. Os valores permitidos aqui são: A(tivo) e I(nativo).]]></commentInRDBMS>
<generatorID>75704233-C2A1-B23A-1A14-A42BC76B368D</generatorID>
<ownerDesignName>SGV_Melhores_Compras</ownerDesignName>
<engineerTo>
<item key="D3EA570C-CF09-A95D-0250-B56D1592D2C8" value="true"/>
</engineerTo>
<nullsAllowed>true</nullsAllowed>
<useDomainConstraints>false</useDomainConstraints>
<use>1</use>
<logicalDatatype>LOGDT025</logicalDatatype>
<dataTypeSize>1</dataTypeSize>
<ownDataTypeParameters>1,,</ownDataTypeParameters>
</Attribute>
</attributes>
<identifiers itemClass="oracle.dbtools.crest.model.design.logical.CandidateKey">
<identifier id="2E9D1C1F-48C5-00E5-F344-946AA79465D1" name="T_MC_SGV_PRODUTO_VIDEO PK">
<createdBy>Gustavo Padlipskas</createdBy>
<createdTime>2022-02-15 21:50:24 UTC</createdTime>
<ownerDesignName>SGV_Melhores_Compras</ownerDesignName>
<engineerTo>
<item key="D3EA570C-CF09-A95D-0250-B56D1592D2C8" value="true"/>
</engineerTo>
<pk>true</pk>
<usedAttributes>
<attributeRef>DB965E27-8111-8DE7-B772-8A8B33273C1D</attributeRef>
</usedAttributes>
</identifier>
</identifiers>
</Entity>