<?xml version = '1.0' encoding = 'UTF-8'?>
<Entity class="oracle.dbtools.crest.model.design.logical.Entity" directorySegmentName="seg_0" id="385D799F-69FD-4FD6-718B-08C48B9B40C6" name="T_MC_SGV_SAC">
<createdBy>Gustavo Padlipskas</createdBy>
<createdTime>2022-02-15 21:50:24 UTC</createdTime>
<generatorID>6EAECA94-FFFC-0CF5-AD7B-BE26D785E934</generatorID>
<ownerDesignName>SGV_Melhores_Compras</ownerDesignName>
<engineerTo>
<item key="D3EA570C-CF09-A95D-0250-B56D1592D2C8" value="true"/>
</engineerTo>
<adequatelyNormalized>NO</adequatelyNormalized>
<expectedVolumes>0</expectedVolumes>
<fwdEngineeringStrategyName>Single Table</fwdEngineeringStrategyName>
<growthPercent>0</growthPercent>
<growthType>Year</growthType>
<maxVolumes>9999999</maxVolumes>
<minVolumes>0</minVolumes>
<normalForm>Third</normalForm>
<attributes itemClass="oracle.dbtools.crest.model.design.logical.Attribute">
<Attribute name="NR_SAC" id="8F996E92-0667-014B-8E5E-86B11BE48167">
<createdBy>Gustavo Padlipskas</createdBy>
<createdTime>2022-02-15 21:50:24 UTC</createdTime>
<comment><![CDATA[Essa coluna irá armazenar a chave primária da tabela de SAC de vídeo  da Melhorees Compras. A cada SAC cadastrado pelo cliente será acionada a Sequence  SQ_MC_SGV_SAC que se encarregará de gerar o próximo número único do chamado SAC feito pelo Cliente.]]></comment>
<commentInRDBMS><![CDATA[Essa coluna irá armazenar a chave primária da tabela de SAC de vídeo  da Melhorees Compras. A cada SAC cadastrado pelo cliente será acionada a Sequence  SQ_MC_SGV_SAC que se encarregará de gerar o próximo número único do chamado SAC feito pelo Cliente.]]></commentInRDBMS>
<generatorID>ACC2AA78-7571-5642-14AC-B4576325EBBF</generatorID>
<ownerDesignName>SGV_Melhores_Compras</ownerDesignName>
<engineerTo>
<item key="D3EA570C-CF09-A95D-0250-B56D1592D2C8" value="true"/>
</engineerTo>
<useDomainConstraints>false</useDomainConstraints>
<use>1</use>
<logicalDatatype>LOGDT019</logicalDatatype>
<ownDataTypeParameters>,,</ownDataTypeParameters>
</Attribute>
<Attribute name="NR_CLIENTE" id="E13A2D8C-4D55-5820-5DB1-AE8E43A47B7C">
<createdBy>Gustavo Padlipskas</createdBy>
<createdTime>2022-02-15 21:50:24 UTC</createdTime>
<comment><![CDATA[Essa coluna irá armazenar o código único do cliente na plataforma ecommerce da Melhores Compras.Seu conteúdo deve ser obrigatório, único e preenhcido a  parrtir da tabela NC_CLIENTE. ]]></comment>
<commentInRDBMS><![CDATA[Essa coluna irá armazenar o código único do cliente na plataforma ecommerce da Melhores Compras.Seu conteúdo deve ser obrigatório, único e preenhcido a  parrtir da tabela NC_CLIENTE. ]]></commentInRDBMS>
<ownerDesignName>SGV_Melhores_Compras</ownerDesignName>
<engineerTo>
<item key="D3EA570C-CF09-A95D-0250-B56D1592D2C8" value="true"/>
</engineerTo>
<useDomainConstraints>false</useDomainConstraints>
<use>1</use>
<logicalDatatype>LOGDT019</logicalDatatype>
<ownDataTypeParameters>,,</ownDataTypeParameters>
</Attribute>
<Attribute name="CD_PRODUTO" id="F9AA51C4-38A0-2FE2-66F4-3E370BE3ED13">
<createdBy>Gustavo Padlipskas</createdBy>
<createdTime>2022-02-15 21:50:24 UTC</createdTime>
<comment><![CDATA[Essa coluna irá armazenar a chave primária da tabela de produtos da Melhorees Compras. A cada produto cadastrado será acionada a Sequence  SQ_MC_PRODUTO que se encarregará de gerar o próximo número único do produto.]]></comment>
<commentInRDBMS><![CDATA[Essa coluna irá armazenar a chave primária da tabela de produtos da Melhorees Compras. A cada produto cadastrado será acionada a Sequence  SQ_MC_PRODUTO que se encarregará de gerar o próximo número único do produto.]]></commentInRDBMS>
<ownerDesignName>SGV_Melhores_Compras</ownerDesignName>
<engineerTo>
<item key="D3EA570C-CF09-A95D-0250-B56D1592D2C8" value="true"/>
</engineerTo>
<useDomainConstraints>false</useDomainConstraints>
<use>1</use>
<logicalDatatype>LOGDT019</logicalDatatype>
<ownDataTypeParameters>,,</ownDataTypeParameters>
</Attribute>
<Attribute name="CD_FUNCIONARIO" id="799B450C-AFC2-A9E3-1F6B-6B1ED5303726">
<createdBy>Gustavo Padlipskas</createdBy>
<createdTime>2022-02-15 21:50:24 UTC</createdTime>
<comment><![CDATA[Esta coluna irá receber o codigo do funcionário e seu conteúdo é obrigatório.]]></comment>
<commentInRDBMS><![CDATA[Esta coluna irá receber o codigo do funcionário e seu conteúdo é obrigatório.]]></commentInRDBMS>
<ownerDesignName>SGV_Melhores_Compras</ownerDesignName>
<engineerTo>
<item key="D3EA570C-CF09-A95D-0250-B56D1592D2C8" value="true"/>
</engineerTo>
<nullsAllowed>true</nullsAllowed>
<useDomainConstraints>false</useDomainConstraints>
<use>1</use>
<logicalDatatype>LOGDT019</logicalDatatype>
<ownDataTypeParameters>,,</ownDataTypeParameters>
</Attribute>
<Attribute name="DS_DETALHADA_SAC" id="14ED5C97-ECFD-BF92-A32A-D9AEBD01DC0B">
<createdBy>Gustavo Padlipskas</createdBy>
<createdTime>2022-02-15 21:50:24 UTC</createdTime>
<comment><![CDATA[Essa coluna  irá  receber a descrição completa do SAC aberto pelo cliente. Seu conteudo deve ser obrigatório.]]></comment>
<commentInRDBMS><![CDATA[Essa coluna  irá  receber a descrição completa do SAC aberto pelo cliente. Seu conteudo deve ser obrigatório.]]></commentInRDBMS>
<generatorID>BB4F13AC-3E6A-A0A4-BA4B-91F3470D600C</generatorID>
<ownerDesignName>SGV_Melhores_Compras</ownerDesignName>
<engineerTo>
<item key="D3EA570C-CF09-A95D-0250-B56D1592D2C8" value="true"/>
</engineerTo>
<nullsAllowed>true</nullsAllowed>
<useDomainConstraints>false</useDomainConstraints>
<use>1</use>
<logicalDatatype>LOGDT028</logicalDatatype>
<ownDataTypeParameters>,,</ownDataTypeParameters>
</Attribute>
<Attribute name="DT_ABERTURA_SAC" id="F5536DD5-E43C-323B-B8B6-AC989CD79EB8">
<createdBy>Gustavo Padlipskas</createdBy>
<createdTime>2022-02-15 21:50:24 UTC</createdTime>
<comment><![CDATA[Essa coluna  irá  receber a data e horário do SAC aberto pelo cliente. Seu conteudo deve ser obrigatório.]]></comment>
<commentInRDBMS><![CDATA[Essa coluna  irá  receber a data e horário do SAC aberto pelo cliente. Seu conteudo deve ser obrigatório.]]></commentInRDBMS>
<generatorID>F7D69A86-C801-03A8-F870-79FAD9A0D89E</generatorID>
<ownerDesignName>SGV_Melhores_Compras</ownerDesignName>
<engineerTo>
<item key="D3EA570C-CF09-A95D-0250-B56D1592D2C8" value="true"/>
</engineerTo>
<nullsAllowed>true</nullsAllowed>
<useDomainConstraints>false</useDomainConstraints>
<use>1</use>
<logicalDatatype>LOGDT007</logicalDatatype>
<ownDataTypeParameters>,,</ownDataTypeParameters>
</Attribute>
<Attribute name="HR_ABERTURA_SAC" id="FCD66B2B-D3F0-D923-7896-FC06E7924FF6">
<createdBy>Gustavo Padlipskas</createdBy>
<createdTime>2022-02-15 21:50:24 UTC</createdTime>
<comment><![CDATA[Essa coluna  irá  receber a hora do SAC aberto pelo cliente. Seu conteudo deve ser obrigatório.]]></comment>
<commentInRDBMS><![CDATA[Essa coluna  irá  receber a hora do SAC aberto pelo cliente. Seu conteudo deve ser obrigatório.]]></commentInRDBMS>
<generatorID>834ABEFD-BF26-00D8-F3C2-D3570CBDB66E</generatorID>
<ownerDesignName>SGV_Melhores_Compras</ownerDesignName>
<engineerTo>
<item key="D3EA570C-CF09-A95D-0250-B56D1592D2C8" value="true"/>
</engineerTo>
<nullsAllowed>true</nullsAllowed>
<useDomainConstraints>false</useDomainConstraints>
<use>1</use>
<logicalDatatype>LOGDT019</logicalDatatype>
<dataTypePrecision>2</dataTypePrecision>
<ownDataTypeParameters>,2,</ownDataTypeParameters>
</Attribute>
<Attribute name="DT_ATENDIMENTO" id="ECAF389A-3076-0AD6-5B7F-17228815E566">
<createdBy>Gustavo Padlipskas</createdBy>
<createdTime>2022-02-15 21:50:24 UTC</createdTime>
<comment><![CDATA[Essa coluna  irá  receber a data e horário do atendmiento SAC feita pelo funcionário da Melhores Compras. Seu conteudo deve ser opcional.]]></comment>
<commentInRDBMS><![CDATA[Essa coluna  irá  receber a data e horário do atendmiento SAC feita pelo funcionário da Melhores Compras. Seu conteudo deve ser opcional..]]></commentInRDBMS>
<generatorID>00F3FFE8-16F6-2655-5C0C-081240B7182C</generatorID>
<ownerDesignName>SGV_Melhores_Compras</ownerDesignName>
<engineerTo>
<item key="D3EA570C-CF09-A95D-0250-B56D1592D2C8" value="true"/>
</engineerTo>
<nullsAllowed>true</nullsAllowed>
<useDomainConstraints>false</useDomainConstraints>
<use>1</use>
<logicalDatatype>LOGDT007</logicalDatatype>
<ownDataTypeParameters>,,</ownDataTypeParameters>
</Attribute>
<Attribute name="HR_ATENDIMENTO_SAC" id="B3282E1F-E17D-A140-41C5-6E3132DED1CA">
<createdBy>Gustavo Padlipskas</createdBy>
<createdTime>2022-02-15 21:50:24 UTC</createdTime>
<comment><![CDATA[Essa coluna  irá  receber a hora do SAC do atendimento  feito  pelo funcionario da Melhores Compras. Seu conteudo deve ser opcional.]]></comment>
<commentInRDBMS><![CDATA[Essa coluna  irá  receber a hora do SAC do atendimento  feito  pelo funcionario da Melhores Compras. Seu conteudo deve ser opcional.]]></commentInRDBMS>
<generatorID>8F5D878A-6433-861D-A16B-20EFC958BA80</generatorID>
<ownerDesignName>SGV_Melhores_Compras</ownerDesignName>
<engineerTo>
<item key="D3EA570C-CF09-A95D-0250-B56D1592D2C8" value="true"/>
</engineerTo>
<nullsAllowed>true</nullsAllowed>
<useDomainConstraints>false</useDomainConstraints>
<use>1</use>
<logicalDatatype>LOGDT019</logicalDatatype>
<dataTypePrecision>2</dataTypePrecision>
<ownDataTypeParameters>,2,</ownDataTypeParameters>
</Attribute>
<Attribute name="NR_TEMPO_TOTAL_SAC" id="4DD3B594-D976-08B2-95DD-713DCD09767E">
<createdBy>Gustavo Padlipskas</createdBy>
<createdTime>2022-02-15 21:50:24 UTC</createdTime>
<comment><![CDATA[Essa coluna  irá  receber o tempo total em horas  (HH24) computado desde a abertura até a conclusão dele. A unidade de medida é horas, ou seja, em quantas horas o chamado foi concluído desde a sua abertura.]]></comment>
<commentInRDBMS><![CDATA[Essa coluna  irá  receber o tempo total em horas  (HH24) computado desde a abertura até a conclusão dele. A unidade de medida é horas, ou seja, em quantas horas o chamado foi concluído desde a sua abertura.]]></commentInRDBMS>
<generatorID>3DC396B8-B6D0-F664-58DB-AE49F03180CF</generatorID>
<ownerDesignName>SGV_Melhores_Compras</ownerDesignName>
<engineerTo>
<item key="D3EA570C-CF09-A95D-0250-B56D1592D2C8" value="true"/>
</engineerTo>
<nullsAllowed>true</nullsAllowed>
<useDomainConstraints>false</useDomainConstraints>
<use>1</use>
<logicalDatatype>LOGDT019</logicalDatatype>
<dataTypePrecision>10</dataTypePrecision>
<ownDataTypeParameters>,10,</ownDataTypeParameters>
</Attribute>
<Attribute name="DS_DETALHADA_RETORNO_SAC" id="85B34EAE-BF8E-882B-83A5-2DF324CB041F">
<createdBy>Gustavo Padlipskas</createdBy>
<createdTime>2022-02-15 21:50:24 UTC</createdTime>
<comment><![CDATA[Essa coluna  irá  receber a descrição detalhada do retorno feito pelo funcionário a partir da solicitação do cliente. Seu conteúdo deve ser opcional e preenchido pelo funcionário..]]></comment>
<commentInRDBMS><![CDATA[Essa coluna  irá  receber a descrição detalhada do retorno feito pelo funcionário a partir da solicitação do cliente. Seu conteúdo deve ser opcional e preenchido pelo funcionário.]]></commentInRDBMS>
<generatorID>EB520E79-BD3C-B48C-A9BB-DE51CFDE79B4</generatorID>
<ownerDesignName>SGV_Melhores_Compras</ownerDesignName>
<engineerTo>
<item key="D3EA570C-CF09-A95D-0250-B56D1592D2C8" value="true"/>
</engineerTo>
<nullsAllowed>true</nullsAllowed>
<useDomainConstraints>false</useDomainConstraints>
<use>1</use>
<logicalDatatype>LOGDT028</logicalDatatype>
<ownDataTypeParameters>,,</ownDataTypeParameters>
</Attribute>
<Attribute name="TP_SAC" id="589F40EA-CB51-03F5-B4E1-C6A4AEE10E53">
<createdBy>Gustavo Padlipskas</createdBy>
<createdTime>2022-02-15 21:50:24 UTC</createdTime>
<comment><![CDATA[Essa coluna  irá  receber o TIPO  do chamado SAC aberto pelo cliente.  Seu conteúdo deve ser  obrigatório e os possíveis valores são: (S)ugestão; (R)eclamação;  (D)úvida ou  (E)logio.]]></comment>
<commentInRDBMS><![CDATA[Essa coluna  irá  receber o TIPO  do chamado SAC aberto pelo cliente.  Seu conteúdo deve ser  obrigatório e os possíveis valores são: (S)ugestão; (D)úvida ou  (E)logio.]]></commentInRDBMS>
<generatorID>DAD7689D-BC9D-0E87-A288-8F3B277B6B29</generatorID>
<ownerDesignName>SGV_Melhores_Compras</ownerDesignName>
<engineerTo>
<item key="D3EA570C-CF09-A95D-0250-B56D1592D2C8" value="true"/>
</engineerTo>
<useDomainConstraints>false</useDomainConstraints>
<use>1</use>
<logicalDatatype>LOGDT025</logicalDatatype>
<dataTypeSize>1</dataTypeSize>
<ownDataTypeParameters>1,,</ownDataTypeParameters>
</Attribute>
<Attribute name="ST_SAC" id="02F83B73-EF32-02CE-0F84-B26D3378D62C">
<createdBy>Gustavo Padlipskas</createdBy>
<createdTime>2022-02-15 21:50:24 UTC</createdTime>
<comment><![CDATA[Essa coluna  irá  receber o STATUS  do chamado SAC aberto pelo cliente.  Seu conteúdo deve ser  obrigatório e os possíveis valores são: (E)m Atendimento; (C)ancelado; (F)echado ou (X)Fechado com Insatisfação do cliente.]]></comment>
<commentInRDBMS><![CDATA[Essa coluna  irá  receber o STATUS  do chamado SAC aberto pelo cliente.  Seu conteúdo deve ser  obrigatório e os possíveis valores são: (E)m Atendimento; (C)ancelado; (F)echado ou (X)Fechado com Insatisfação do cliente.]]></commentInRDBMS>
<generatorID>3F5E44DB-3C93-61FE-A09F-2829DD3E6358</generatorID>
<ownerDesignName>SGV_Melhores_Compras</ownerDesignName>
<engineerTo>
<item key="D3EA570C-CF09-A95D-0250-B56D1592D2C8" value="true"/>
</engineerTo>
<nullsAllowed>true</nullsAllowed>
<useDomainConstraints>false</useDomainConstraints>
<use>1</use>
<logicalDatatype>LOGDT025</logicalDatatype>
<dataTypeSize>1</dataTypeSize>
<ownDataTypeParameters>1,,</ownDataTypeParameters>
</Attribute>
<Attribute name="NR_INDICE_SATISFACAO" id="BF727471-FA9E-ED02-2B5C-A99F2214EA02">
<createdBy>Gustavo Padlipskas</createdBy>
<createdTime>2022-02-15 21:50:24 UTC</createdTime>
<comment><![CDATA[Essa coluna  irá  receber o índice de satisfação, , computado como um valor simples de 1 a 10, onde 1 refere-se ao cliente menos satisfeito e 10 o cliente mais satisfeito. Esse índice de satisfação é opcional e informado pelo cliente ao final do atendimento.]]></comment>
<commentInRDBMS><![CDATA[Essa coluna  irá  receber o índice de satisfação, , computado como um valor simples de 1 a 10, onde 1 refere-se ao cliente menos satisfeito e 10 o cliente mais satisfeito. Esse índice de satisfação é opcional e informado pelo cliente ao final do atendimento.]]></commentInRDBMS>
<generatorID>7A7FFBE6-5B17-1D87-7EBC-5C1DD8E94F8C</generatorID>
<ownerDesignName>SGV_Melhores_Compras</ownerDesignName>
<engineerTo>
<item key="D3EA570C-CF09-A95D-0250-B56D1592D2C8" value="true"/>
</engineerTo>
<nullsAllowed>true</nullsAllowed>
<useDomainConstraints>false</useDomainConstraints>
<use>1</use>
<logicalDatatype>LOGDT019</logicalDatatype>
<dataTypePrecision>2</dataTypePrecision>
<ownDataTypeParameters>,2,</ownDataTypeParameters>
</Attribute>
</attributes>
<identifiers itemClass="oracle.dbtools.crest.model.design.logical.CandidateKey">
<identifier id="7F23ADB4-F20B-F1C3-C0E8-0156D0FCD8D3" name="T_MC_SGV_SAC PK">
<createdBy>Gustavo Padlipskas</createdBy>
<createdTime>2022-02-15 21:52:15 UTC</createdTime>
<ownerDesignName>SGV_Melhores_Compras</ownerDesignName>
<engineerTo>
<item key="D3EA570C-CF09-A95D-0250-B56D1592D2C8" value="true"/>
</engineerTo>
<pk>true</pk>
<usedAttributes>
<attributeRef>8F996E92-0667-014B-8E5E-86B11BE48167</attributeRef>
</usedAttributes>
</identifier>
</identifiers>
</Entity>