<?xml version = '1.0' encoding = 'UTF-8'?>
<Entity class="oracle.dbtools.crest.model.design.logical.Entity" directorySegmentName="seg_0" id="5B44120A-DACC-A512-76A1-E40C28EBF8D3" name="T_MC_CLIENTE">
<createdBy>Gustavo Padlipskas</createdBy>
<createdTime>2022-02-15 21:50:24 UTC</createdTime>
<generatorID>AE252E86-E6B4-F95D-B94E-635EEF764C2F</generatorID>
<ownerDesignName>SGV_Melhores_Compras</ownerDesignName>
<engineerTo>
<item key="D3EA570C-CF09-A95D-0250-B56D1592D2C8" value="true"/>
</engineerTo>
<adequatelyNormalized>NO</adequatelyNormalized>
<expectedVolumes>0</expectedVolumes>
<fwdEngineeringStrategyName>Single Table</fwdEngineeringStrategyName>
<growthPercent>0</growthPercent>
<growthType>Year</growthType>
<maxVolumes>9999999</maxVolumes>
<minVolumes>0</minVolumes>
<normalForm>Third</normalForm>
<attributes itemClass="oracle.dbtools.crest.model.design.logical.Attribute">
<Attribute name="NR_CLIENTE" id="D7027C89-5B8B-4199-606E-14A638BFB475">
<createdBy>Gustavo Padlipskas</createdBy>
<createdTime>2022-02-15 21:50:24 UTC</createdTime>
<comment><![CDATA[Essa coluna irá armazenar o código único do cliente na plataforma ecommerce da Melhores Compras.Seu conteúdo deve ser obrigatório, único e preenhcido a  parrtir da chamada de sequence  SQ_MC_CLIENTE, a qual terá sempre o número disponivel para uso.]]></comment>
<commentInRDBMS><![CDATA[Essa coluna irá armazenar o código único do cliente na plataforma ecommerce da Melhores Compras.Seu conteúdo deve ser obrigatório, único e preenhcido a  parrtir da chamada de sequence  SQ_MC_CLIENTE, a qual terá sempre o número disponivel para uso.]]></commentInRDBMS>
<generatorID>A0AE6625-F1C4-40D5-0C78-0D4E4450D37E</generatorID>
<ownerDesignName>SGV_Melhores_Compras</ownerDesignName>
<engineerTo>
<item key="D3EA570C-CF09-A95D-0250-B56D1592D2C8" value="true"/>
</engineerTo>
<useDomainConstraints>false</useDomainConstraints>
<use>1</use>
<logicalDatatype>LOGDT019</logicalDatatype>
<dataTypePrecision>10</dataTypePrecision>
<ownDataTypeParameters>,10,</ownDataTypeParameters>
</Attribute>
<Attribute name="NM_CLIENTE" id="52FD17DD-FFE1-E9BA-C876-31F6855DD364">
<createdBy>Gustavo Padlipskas</createdBy>
<createdTime>2022-02-15 21:50:24 UTC</createdTime>
<comment><![CDATA[Essa coluna irá armazenar o nome do cliente na plataforma ecommerce da Melhores Compras.Seu conteúdo deve ser obrigatório.]]></comment>
<commentInRDBMS><![CDATA[Essa coluna irá armazenar o nome do cliente na plataforma ecommerce da Melhores Compras.Seu conteúdo deve ser obrigatório.]]></commentInRDBMS>
<generatorID>EBFC82E5-7175-C8E3-76D7-DAB55DF033C1</generatorID>
<ownerDesignName>SGV_Melhores_Compras</ownerDesignName>
<engineerTo>
<item key="D3EA570C-CF09-A95D-0250-B56D1592D2C8" value="true"/>
</engineerTo>
<useDomainConstraints>false</useDomainConstraints>
<use>1</use>
<logicalDatatype>LOGDT024</logicalDatatype>
<dataTypeSize>160</dataTypeSize>
<ownDataTypeParameters>160,,</ownDataTypeParameters>
</Attribute>
<Attribute name="QT_ESTRELAS" id="3B004FBC-9EFB-ADBE-C8FE-88F245C46D2B">
<createdBy>Gustavo Padlipskas</createdBy>
<createdTime>2022-02-15 21:50:24 UTC</createdTime>
<comment><![CDATA[Essa coluna irá armazenar a quantiade de estrelas do cliente na plataforma ecommerce da Melhores Compras.Seu conteúdo deve ser obrigatório e ser possível de estar entre 1 e 5 estrelas.]]></comment>
<commentInRDBMS><![CDATA[Essa coluna irá armazenar a quantiade de estrelas do cliente na plataforma ecommerce da Melhores Compras.Seu conteúdo deve ser obrigatório e ser possível de estar entre 1 e 5 estrelas.]]></commentInRDBMS>
<generatorID>B32690A5-B621-45F2-6E08-B503763E6C0D</generatorID>
<ownerDesignName>SGV_Melhores_Compras</ownerDesignName>
<engineerTo>
<item key="D3EA570C-CF09-A95D-0250-B56D1592D2C8" value="true"/>
</engineerTo>
<nullsAllowed>true</nullsAllowed>
<useDomainConstraints>false</useDomainConstraints>
<use>1</use>
<logicalDatatype>LOGDT019</logicalDatatype>
<dataTypePrecision>1</dataTypePrecision>
<ownDataTypeParameters>,1,</ownDataTypeParameters>
</Attribute>
<Attribute name="VL_MEDIO_COMPRA" id="03C6A13D-BE1A-6EBC-406D-1143EB247EFA">
<createdBy>Gustavo Padlipskas</createdBy>
<createdTime>2022-02-15 21:50:24 UTC</createdTime>
<comment><![CDATA[Essa coluna irá armazenar o valor  médio de gastos f eito pelo cliente na plataforma ecommerce da Melhores Compras.Seu conteúdo deve ser obrigatório e deve ser calculado diariamente.]]></comment>
<commentInRDBMS><![CDATA[Essa coluna irá armazenar o valor  médio de gastos f eito pelo cliente na plataforma ecommerce da Melhores Compras.Seu conteúdo deve ser obrigatório e deve ser calculado diariamente.]]></commentInRDBMS>
<generatorID>935692C2-E4AA-2245-6E55-5244898B3C52</generatorID>
<ownerDesignName>SGV_Melhores_Compras</ownerDesignName>
<engineerTo>
<item key="D3EA570C-CF09-A95D-0250-B56D1592D2C8" value="true"/>
</engineerTo>
<nullsAllowed>true</nullsAllowed>
<useDomainConstraints>false</useDomainConstraints>
<use>1</use>
<logicalDatatype>LOGDT019</logicalDatatype>
<dataTypePrecision>10</dataTypePrecision>
<dataTypeScale>2</dataTypeScale>
<ownDataTypeParameters>,10,2</ownDataTypeParameters>
</Attribute>
<Attribute name="ST_CLIENTE" id="25D72BBF-900A-0427-7D33-C432478E1818">
<createdBy>Gustavo Padlipskas</createdBy>
<createdTime>2022-02-15 21:50:24 UTC</createdTime>
<comment><![CDATA[Essa coluna irá armazenar o stauts do cliente da Melhorees Compras. Os valores permitidos aqui são: A(tivo) e I(nativo).]]></comment>
<commentInRDBMS><![CDATA[Essa coluna irá armazenar o stauts do cliente da Melhorees Compras. Os valores permitidos aqui são: A(tivo) e I(nativo).]]></commentInRDBMS>
<generatorID>0D5D96CE-FBC6-E9B3-9709-E5D42A734479</generatorID>
<ownerDesignName>SGV_Melhores_Compras</ownerDesignName>
<engineerTo>
<item key="D3EA570C-CF09-A95D-0250-B56D1592D2C8" value="true"/>
</engineerTo>
<nullsAllowed>true</nullsAllowed>
<useDomainConstraints>false</useDomainConstraints>
<use>1</use>
<logicalDatatype>LOGDT025</logicalDatatype>
<dataTypeSize>1</dataTypeSize>
<ownDataTypeParameters>1,,</ownDataTypeParameters>
</Attribute>
<Attribute name="DS_EMAIL" id="95366969-90E4-A0FF-DFD0-DF65F4B04BD1">
<createdBy>Gustavo Padlipskas</createdBy>
<createdTime>2022-02-15 21:50:24 UTC</createdTime>
<comment><![CDATA[Essa coluna irá armazenar o email  do cliente da Melhorees Compras. No minimo é esperado um email contendo o caractere (@) em seu conteúdo.]]></comment>
<commentInRDBMS><![CDATA[Essa coluna irá armazenar o email  do cliente da Melhorees Compras. No minimo é esperado um email contendo o caractere (@) em seu conteúdo.]]></commentInRDBMS>
<generatorID>3CC63875-7EB2-E27C-FD2B-617392FB7C96</generatorID>
<ownerDesignName>SGV_Melhores_Compras</ownerDesignName>
<engineerTo>
<item key="D3EA570C-CF09-A95D-0250-B56D1592D2C8" value="true"/>
</engineerTo>
<nullsAllowed>true</nullsAllowed>
<useDomainConstraints>false</useDomainConstraints>
<use>1</use>
<logicalDatatype>LOGDT024</logicalDatatype>
<dataTypeSize>100</dataTypeSize>
<ownDataTypeParameters>100,,</ownDataTypeParameters>
</Attribute>
<Attribute name="NR_TELEFONE" id="37705F48-9E98-407E-8FAA-38B1758AC873">
<createdBy>Gustavo Padlipskas</createdBy>
<createdTime>2022-02-15 21:50:24 UTC</createdTime>
<comment><![CDATA[Essa coluna irá armazenar o número do cliente da Melhorees Compras. A mascara de armazenamento deve ser: (<nr_ddd>) 99999-9999 e  deve ser utilizada pré definida.]]></comment>
<commentInRDBMS><![CDATA[Essa coluna irá armazenar o número do cliente da Melhorees Compras. A mascara de armazenamento deve ser: (<nr_ddd>) 99999-9999 e  deve ser utilizada pré definida.]]></commentInRDBMS>
<generatorID>C4A6D312-D05A-089F-CF72-DDB56620787D</generatorID>
<ownerDesignName>SGV_Melhores_Compras</ownerDesignName>
<engineerTo>
<item key="D3EA570C-CF09-A95D-0250-B56D1592D2C8" value="true"/>
</engineerTo>
<nullsAllowed>true</nullsAllowed>
<useDomainConstraints>false</useDomainConstraints>
<use>1</use>
<logicalDatatype>LOGDT024</logicalDatatype>
<dataTypeSize>20</dataTypeSize>
<ownDataTypeParameters>20,,</ownDataTypeParameters>
</Attribute>
<Attribute name="NM_LOGIN" id="4270EADB-CA70-070C-0E5E-E8BE8C1EFF0E">
<createdBy>Gustavo Padlipskas</createdBy>
<createdTime>2022-02-15 21:50:24 UTC</createdTime>
<comment><![CDATA[Essa coluna irá armazenar o login de cada cliente na plataforma ecommerce da Melhores Compras. Seu conteúdo deve ser obrigatório e  único para cada cliente.]]></comment>
<commentInRDBMS><![CDATA[Essa coluna irá armazenar o login de cada cliente na plataforma ecommerce da Melhores Compras. Seu conteúdo deve ser obrigatório e  único para cada cliente.]]></commentInRDBMS>
<generatorID>6B6DD1BD-734E-9BD8-9CF3-7E27FC873FF7</generatorID>
<ownerDesignName>SGV_Melhores_Compras</ownerDesignName>
<engineerTo>
<item key="D3EA570C-CF09-A95D-0250-B56D1592D2C8" value="true"/>
</engineerTo>
<useDomainConstraints>false</useDomainConstraints>
<use>1</use>
<logicalDatatype>LOGDT024</logicalDatatype>
<dataTypeSize>50</dataTypeSize>
<ownDataTypeParameters>50,,</ownDataTypeParameters>
</Attribute>
<Attribute name="DS_SENHA" id="DA39ADC3-EDFE-A7B7-B0B8-55B4E5E84C3B">
<createdBy>Gustavo Padlipskas</createdBy>
<createdTime>2022-02-15 21:50:24 UTC</createdTime>
<comment><![CDATA[Essa coluna irá armazenar a senha de cada cliente na plataforma ecommerce da Melhores Compras.Seu conteúdo deve ser obrigatório.]]></comment>
<commentInRDBMS><![CDATA[Essa coluna irá armazenar a senha de cada cliente na plataforma ecommerce da Melhores Compras.Seu conteúdo deve ser obrigatório.]]></commentInRDBMS>
<generatorID>46D44108-C550-C1EF-6CDE-BDED7CF1B104</generatorID>
<ownerDesignName>SGV_Melhores_Compras</ownerDesignName>
<engineerTo>
<item key="D3EA570C-CF09-A95D-0250-B56D1592D2C8" value="true"/>
</engineerTo>
<useDomainConstraints>false</useDomainConstraints>
<use>1</use>
<logicalDatatype>LOGDT024</logicalDatatype>
<dataTypeSize>50</dataTypeSize>
<ownDataTypeParameters>50,,</ownDataTypeParameters>
</Attribute>
</attributes>
<identifiers itemClass="oracle.dbtools.crest.model.design.logical.CandidateKey">
<identifier id="65F190D3-2629-F429-C12B-AF8290FC19FA" name="UK_MC_CLIENTE_NOME_CLIENTE">
<createdBy>Gustavo Padlipskas</createdBy>
<createdTime>2022-02-15 21:50:24 UTC</createdTime>
<generatorID>925AAC40-3047-10C9-5A26-3F9A1CCD6AE7</generatorID>
<ownerDesignName>SGV_Melhores_Compras</ownerDesignName>
<engineerTo>
<item key="D3EA570C-CF09-A95D-0250-B56D1592D2C8" value="true"/>
</engineerTo>
<usedAttributes>
<attributeRef>52FD17DD-FFE1-E9BA-C876-31F6855DD364</attributeRef>
</usedAttributes>
</identifier>
<identifier id="A4C947C7-FA6A-DD81-474D-EE9305227A74" name="T_MC_CLIENTE PK">
<createdBy>Gustavo Padlipskas</createdBy>
<createdTime>2022-02-15 21:50:49 UTC</createdTime>
<ownerDesignName>SGV_Melhores_Compras</ownerDesignName>
<engineerTo>
<item key="D3EA570C-CF09-A95D-0250-B56D1592D2C8" value="true"/>
</engineerTo>
<pk>true</pk>
<usedAttributes>
<attributeRef>D7027C89-5B8B-4199-606E-14A638BFB475</attributeRef>
</usedAttributes>
</identifier>
</identifiers>
</Entity>