<?xml version = '1.0' encoding = 'UTF-8'?>
<Entity class="oracle.dbtools.crest.model.design.logical.Entity" directorySegmentName="seg_0" id="649F3975-D34A-7276-EEFF-195682237C3D" name="T_MC_BAIRRO">
<createdBy>Gustavo Padlipskas</createdBy>
<createdTime>2022-02-15 21:50:24 UTC</createdTime>
<generatorID>BADB545A-523E-2BF2-AD20-71BF84B20E45</generatorID>
<ownerDesignName>SGV_Melhores_Compras</ownerDesignName>
<engineerTo>
<item key="D3EA570C-CF09-A95D-0250-B56D1592D2C8" value="true"/>
</engineerTo>
<adequatelyNormalized>NO</adequatelyNormalized>
<expectedVolumes>0</expectedVolumes>
<fwdEngineeringStrategyName>Single Table</fwdEngineeringStrategyName>
<growthPercent>0</growthPercent>
<growthType>Year</growthType>
<maxVolumes>9999999</maxVolumes>
<minVolumes>0</minVolumes>
<normalForm>Third</normalForm>
<attributes itemClass="oracle.dbtools.crest.model.design.logical.Attribute">
<Attribute name="CD_BAIRRO" id="4CBC06C9-9FE5-F1CC-851B-C009893660AB">
<createdBy>Gustavo Padlipskas</createdBy>
<createdTime>2022-02-15 21:50:24 UTC</createdTime>
<comment><![CDATA[Esta coluna irá receber o codigo do bairro e seu conteúdo é obrigatório.]]></comment>
<commentInRDBMS><![CDATA[Esta coluna irá receber o codigo do bairro e seu conteúdo é obrigatório.]]></commentInRDBMS>
<generatorID>05E6E2FF-C874-436C-D326-E6FA9643E8A4</generatorID>
<ownerDesignName>SGV_Melhores_Compras</ownerDesignName>
<engineerTo>
<item key="D3EA570C-CF09-A95D-0250-B56D1592D2C8" value="true"/>
</engineerTo>
<useDomainConstraints>false</useDomainConstraints>
<use>1</use>
<logicalDatatype>LOGDT019</logicalDatatype>
<dataTypePrecision>8</dataTypePrecision>
<ownDataTypeParameters>,8,</ownDataTypeParameters>
</Attribute>
<Attribute name="CD_CIDADE" id="849D7C72-DBA0-3D55-5908-45B79D0B8D9E">
<createdBy>Gustavo Padlipskas</createdBy>
<createdTime>2022-02-15 21:50:24 UTC</createdTime>
<comment><![CDATA[Esta coluna irá receber o codigo da cidade e seu conteúdo é obrigatório.]]></comment>
<commentInRDBMS><![CDATA[Esta coluna irá receber o codigo da cidade e seu conteúdo é obrigatório.]]></commentInRDBMS>
<ownerDesignName>SGV_Melhores_Compras</ownerDesignName>
<engineerTo>
<item key="D3EA570C-CF09-A95D-0250-B56D1592D2C8" value="true"/>
</engineerTo>
<useDomainConstraints>false</useDomainConstraints>
<use>1</use>
<logicalDatatype>LOGDT019</logicalDatatype>
<ownDataTypeParameters>,,</ownDataTypeParameters>
</Attribute>
<Attribute name="NM_BAIRRO" id="0B46FEF8-EDBB-8019-A317-983154C23643">
<createdBy>Gustavo Padlipskas</createdBy>
<createdTime>2022-02-15 21:50:24 UTC</createdTime>
<comment><![CDATA[Esta coluna ira receber o nome do Bairro. Esse conteúdo é obrigatório.]]></comment>
<commentInRDBMS><![CDATA[Esta coluna ira receber o nome do Bairro. Esse conteúdo é obrigatório.]]></commentInRDBMS>
<generatorID>9E835B6A-68A7-F7C0-33C7-DA63E93FB8D0</generatorID>
<ownerDesignName>SGV_Melhores_Compras</ownerDesignName>
<engineerTo>
<item key="D3EA570C-CF09-A95D-0250-B56D1592D2C8" value="true"/>
</engineerTo>
<nullsAllowed>true</nullsAllowed>
<useDomainConstraints>false</useDomainConstraints>
<use>1</use>
<logicalDatatype>LOGDT024</logicalDatatype>
<dataTypeSize>45</dataTypeSize>
<ownDataTypeParameters>45,,</ownDataTypeParameters>
</Attribute>
<Attribute name="NM_ZONA_BAIRRO" id="F147C2AE-22FF-67E0-4D10-B5EACB97263F">
<createdBy>Gustavo Padlipskas</createdBy>
<createdTime>2022-02-15 21:50:24 UTC</createdTime>
<comment><![CDATA[Esta coluna irá receber a localização da zona onde se encontra o bairro. Alguns exemplos: Zona Norte, Zona Sul, Zona Leste, Zona Oeste, Centro.]]></comment>
<commentInRDBMS><![CDATA[Esta coluna irá receber a localização da zona onde se encontra o bairro. Alguns exemplos: Zona Norte, Zona Sul, Zona Leste, Zona Oeste, Centro.]]></commentInRDBMS>
<generatorID>F7C18051-FBCC-DB91-D5C1-BD50D0E2D49D</generatorID>
<ownerDesignName>SGV_Melhores_Compras</ownerDesignName>
<engineerTo>
<item key="D3EA570C-CF09-A95D-0250-B56D1592D2C8" value="true"/>
</engineerTo>
<nullsAllowed>true</nullsAllowed>
<useDomainConstraints>false</useDomainConstraints>
<use>1</use>
<logicalDatatype>LOGDT024</logicalDatatype>
<dataTypeSize>20</dataTypeSize>
<ownDataTypeParameters>20,,</ownDataTypeParameters>
</Attribute>
</attributes>
<identifiers itemClass="oracle.dbtools.crest.model.design.logical.CandidateKey">
<identifier id="FD328810-9DE8-F2AA-86A5-67D52988F470" name="T_MC_BAIRRO PK">
<createdBy>Gustavo Padlipskas</createdBy>
<createdTime>2022-02-15 21:51:32 UTC</createdTime>
<ownerDesignName>SGV_Melhores_Compras</ownerDesignName>
<engineerTo>
<item key="D3EA570C-CF09-A95D-0250-B56D1592D2C8" value="true"/>
</engineerTo>
<pk>true</pk>
<usedAttributes>
<attributeRef>4CBC06C9-9FE5-F1CC-851B-C009893660AB</attributeRef>
</usedAttributes>
</identifier>
</identifiers>
</Entity>