<?xml version = '1.0' encoding = 'UTF-8'?>
<Entity class="oracle.dbtools.crest.model.design.logical.Entity" directorySegmentName="seg_0" id="680A0AA9-73CD-B998-6333-76D61B9AB472" name="T_MC_CLI_FISICA">
<createdBy>Gustavo Padlipskas</createdBy>
<createdTime>2022-02-15 21:50:24 UTC</createdTime>
<generatorID>0B175B84-C9B8-5CA3-853D-8F8A4609A658</generatorID>
<ownerDesignName>SGV_Melhores_Compras</ownerDesignName>
<engineerTo>
<item key="D3EA570C-CF09-A95D-0250-B56D1592D2C8" value="true"/>
</engineerTo>
<adequatelyNormalized>NO</adequatelyNormalized>
<expectedVolumes>0</expectedVolumes>
<fwdEngineeringStrategyName>Single Table</fwdEngineeringStrategyName>
<growthPercent>0</growthPercent>
<growthType>Year</growthType>
<maxVolumes>9999999</maxVolumes>
<minVolumes>0</minVolumes>
<normalForm>Third</normalForm>
<attributes itemClass="oracle.dbtools.crest.model.design.logical.Attribute">
<Attribute name="NR_CLIENTE" id="035F8296-5ED7-B785-B76C-5C95E1BB2CC2">
<createdBy>Gustavo Padlipskas</createdBy>
<createdTime>2022-02-15 21:50:24 UTC</createdTime>
<comment><![CDATA[Essa coluna irá armazenar o código único do cliente na plataforma ecommerce da Melhores Compras.Seu conteúdo deve ser obrigatório, único e preenhcido a  parrtir da tabela NC_CLIENTE. ]]></comment>
<commentInRDBMS><![CDATA[Essa coluna irá armazenar o código único do cliente na plataforma ecommerce da Melhores Compras.Seu conteúdo deve ser obrigatório, único e preenhcido a  parrtir da tabela NC_CLIENTE. ]]></commentInRDBMS>
<ownerDesignName>SGV_Melhores_Compras</ownerDesignName>
<engineerTo>
<item key="D3EA570C-CF09-A95D-0250-B56D1592D2C8" value="true"/>
</engineerTo>
<useDomainConstraints>false</useDomainConstraints>
<use>1</use>
<logicalDatatype>LOGDT019</logicalDatatype>
<ownDataTypeParameters>,,</ownDataTypeParameters>
</Attribute>
<Attribute name="DT_NASCIMENTO" id="2C383014-E09D-D1CF-B541-5CFC26819EF9">
<createdBy>Gustavo Padlipskas</createdBy>
<createdTime>2022-02-15 21:50:24 UTC</createdTime>
<comment><![CDATA[Essa coluna irá armazenar a data de nascimento do cliente na plataforma ecommerce da Melhores Compras.Seu conteúdo deve ser obrigatório. ]]></comment>
<commentInRDBMS><![CDATA[Essa coluna irá armazenar a data de nascimento do cliente na plataforma ecommerce da Melhores Compras.Seu conteúdo deve ser obrigatório. ]]></commentInRDBMS>
<generatorID>55CA6A8F-4C56-0C97-E5CD-2FA7E2DD7194</generatorID>
<ownerDesignName>SGV_Melhores_Compras</ownerDesignName>
<engineerTo>
<item key="D3EA570C-CF09-A95D-0250-B56D1592D2C8" value="true"/>
</engineerTo>
<useDomainConstraints>false</useDomainConstraints>
<use>1</use>
<logicalDatatype>LOGDT007</logicalDatatype>
<ownDataTypeParameters>,,</ownDataTypeParameters>
</Attribute>
<Attribute name="FL_SEXO_BIOLOGICO" id="2614949E-322F-74A4-82BE-8BEFA0091845">
<createdBy>Gustavo Padlipskas</createdBy>
<createdTime>2022-02-15 21:50:24 UTC</createdTime>
<comment><![CDATA[Essa coluna irá armazenar o sexo biológico do cliente na plataforma ecommerce da Melhores Compras.Seu conteúdo deve ser obrigatório.]]></comment>
<commentInRDBMS><![CDATA[Essa coluna irá armazenar o sexo biológico do cliente na plataforma ecommerce da Melhores Compras.Seu conteúdo deve ser obrigatório.. ]]></commentInRDBMS>
<generatorID>C3A35F9B-60DB-6075-E05D-4ED183D0FC0E</generatorID>
<ownerDesignName>SGV_Melhores_Compras</ownerDesignName>
<engineerTo>
<item key="D3EA570C-CF09-A95D-0250-B56D1592D2C8" value="true"/>
</engineerTo>
<useDomainConstraints>false</useDomainConstraints>
<use>1</use>
<logicalDatatype>LOGDT025</logicalDatatype>
<dataTypeSize>1</dataTypeSize>
<ownDataTypeParameters>1,,</ownDataTypeParameters>
</Attribute>
<Attribute name="DS_GENERO" id="99C3CB68-0F86-559F-1FAA-F398C3CC74FB">
<createdBy>Gustavo Padlipskas</createdBy>
<createdTime>2022-02-15 21:50:24 UTC</createdTime>
<comment><![CDATA[Genero do sexo do Cliente. Seu conteúdo deve ser obrigatório.]]></comment>
<commentInRDBMS><![CDATA[Genero do sexo do Cliente. Seu conteúdo deve ser obrigatório.]]></commentInRDBMS>
<generatorID>A8B4F81F-141F-BFA9-90D4-35AA732DF0BC</generatorID>
<ownerDesignName>SGV_Melhores_Compras</ownerDesignName>
<engineerTo>
<item key="D3EA570C-CF09-A95D-0250-B56D1592D2C8" value="true"/>
</engineerTo>
<nullsAllowed>true</nullsAllowed>
<useDomainConstraints>false</useDomainConstraints>
<use>1</use>
<logicalDatatype>LOGDT024</logicalDatatype>
<dataTypeSize>100</dataTypeSize>
<ownDataTypeParameters>100,,</ownDataTypeParameters>
</Attribute>
<Attribute name="NR_CPF" id="7DA4C759-7296-41ED-99CD-E1796E935DED">
<createdBy>Gustavo Padlipskas</createdBy>
<createdTime>2022-02-15 21:50:24 UTC</createdTime>
<comment><![CDATA[Essa coluna irá armazenar o número do CPF do cliente na plataforma ecommerce da Melhores Compras.Seu conteúdo deve ser obrigatório. ]]></comment>
<commentInRDBMS><![CDATA[Essa coluna irá armazenar o número do CPF do cliente na plataforma ecommerce da Melhores Compras.Seu conteúdo deve ser obrigatório. ]]></commentInRDBMS>
<generatorID>B12580B8-9CB8-A062-5BFF-41A5F816FA19</generatorID>
<ownerDesignName>SGV_Melhores_Compras</ownerDesignName>
<engineerTo>
<item key="D3EA570C-CF09-A95D-0250-B56D1592D2C8" value="true"/>
</engineerTo>
<useDomainConstraints>false</useDomainConstraints>
<use>1</use>
<logicalDatatype>LOGDT024</logicalDatatype>
<dataTypeSize>14</dataTypeSize>
<ownDataTypeParameters>14,,</ownDataTypeParameters>
</Attribute>
</attributes>
<identifiers itemClass="oracle.dbtools.crest.model.design.logical.CandidateKey">
<identifier id="030339A9-7BCE-117A-2785-92DB57B42857" name="T_MC_CLI_FISICA PK">
<createdBy>Gustavo Padlipskas</createdBy>
<createdTime>2022-02-15 21:51:16 UTC</createdTime>
<ownerDesignName>SGV_Melhores_Compras</ownerDesignName>
<engineerTo>
<item key="D3EA570C-CF09-A95D-0250-B56D1592D2C8" value="true"/>
</engineerTo>
<pk>true</pk>
<usedAttributes>
<attributeRef>035F8296-5ED7-B785-B76C-5C95E1BB2CC2</attributeRef>
</usedAttributes>
</identifier>
</identifiers>
</Entity>