<?xml version = '1.0' encoding = 'UTF-8'?>
<Entity class="oracle.dbtools.crest.model.design.logical.Entity" directorySegmentName="seg_0" id="923AF2A0-4E0C-EA8F-76F7-B5168890BA2D" name="T_MC_FUNCIONARIO">
<createdBy>Gustavo Padlipskas</createdBy>
<createdTime>2022-02-15 21:50:24 UTC</createdTime>
<generatorID>97801851-F919-CA27-8414-D96ADF5D9334</generatorID>
<ownerDesignName>SGV_Melhores_Compras</ownerDesignName>
<engineerTo>
<item key="D3EA570C-CF09-A95D-0250-B56D1592D2C8" value="true"/>
</engineerTo>
<adequatelyNormalized>NO</adequatelyNormalized>
<expectedVolumes>0</expectedVolumes>
<fwdEngineeringStrategyName>Single Table</fwdEngineeringStrategyName>
<growthPercent>0</growthPercent>
<growthType>Year</growthType>
<maxVolumes>9999999</maxVolumes>
<minVolumes>0</minVolumes>
<normalForm>Third</normalForm>
<attributes itemClass="oracle.dbtools.crest.model.design.logical.Attribute">
<Attribute name="CD_FUNCIONARIO" id="8974EC8C-E51C-2631-3686-4D76BEC807CC">
<createdBy>Gustavo Padlipskas</createdBy>
<createdTime>2022-02-15 21:50:24 UTC</createdTime>
<comment><![CDATA[Esta coluna irá receber o codigo do funcionário e seu conteúdo é obrigatório.]]></comment>
<commentInRDBMS><![CDATA[Esta coluna irá receber o codigo do funcionário e seu conteúdo é obrigatório.]]></commentInRDBMS>
<generatorID>3DA8680F-5172-3456-F7D5-262850D25EFC</generatorID>
<ownerDesignName>SGV_Melhores_Compras</ownerDesignName>
<engineerTo>
<item key="D3EA570C-CF09-A95D-0250-B56D1592D2C8" value="true"/>
</engineerTo>
<useDomainConstraints>false</useDomainConstraints>
<use>1</use>
<logicalDatatype>LOGDT019</logicalDatatype>
<dataTypePrecision>10</dataTypePrecision>
<ownDataTypeParameters>,10,</ownDataTypeParameters>
</Attribute>
<Attribute name="CD_DEPTO" id="5983383D-D958-3CCC-0FA4-5CFB31AE9985">
<createdBy>Gustavo Padlipskas</createdBy>
<createdTime>2022-02-15 21:50:24 UTC</createdTime>
<comment><![CDATA[Esta coluna irá receber o codigo do departamento onde o funcionario trabalha  e seu conteúdo é obrigatório.]]></comment>
<commentInRDBMS><![CDATA[Esta coluna irá receber o codigo do departamento onde o funcionario trabalha  e seu conteúdo é obrigatório.]]></commentInRDBMS>
<ownerDesignName>SGV_Melhores_Compras</ownerDesignName>
<engineerTo>
<item key="D3EA570C-CF09-A95D-0250-B56D1592D2C8" value="true"/>
</engineerTo>
<useDomainConstraints>false</useDomainConstraints>
<use>1</use>
<logicalDatatype>LOGDT019</logicalDatatype>
<ownDataTypeParameters>,,</ownDataTypeParameters>
</Attribute>
<Attribute name="CD_GERENTE" id="4243AF85-8AF5-7C71-C058-58E0DE2BC326">
<createdBy>Gustavo Padlipskas</createdBy>
<createdTime>2022-02-15 21:50:24 UTC</createdTime>
<comment><![CDATA[Esta coluna irá receber o codigo do gestor do funcionario trabalha  e seu conteúdo é opcional.]]></comment>
<commentInRDBMS><![CDATA[Esta coluna irá receber o codigo do gestor do funcionario trabalha  e seu conteúdo é opcional.]]></commentInRDBMS>
<ownerDesignName>SGV_Melhores_Compras</ownerDesignName>
<engineerTo>
<item key="D3EA570C-CF09-A95D-0250-B56D1592D2C8" value="true"/>
</engineerTo>
<nullsAllowed>true</nullsAllowed>
<useDomainConstraints>false</useDomainConstraints>
<use>1</use>
<logicalDatatype>LOGDT019</logicalDatatype>
<ownDataTypeParameters>,,</ownDataTypeParameters>
</Attribute>
<Attribute name="NM_FUNCIONARIO" id="36F512BB-57E9-2930-A614-28C1AA788346">
<createdBy>Gustavo Padlipskas</createdBy>
<createdTime>2022-02-15 21:50:24 UTC</createdTime>
<comment><![CDATA[Esta coluna irá receber o nome do funcionário e seu conteúdo é obrigatório.]]></comment>
<commentInRDBMS><![CDATA[Esta coluna irá receber o nome do funcionário e seu conteúdo é obrigatório.]]></commentInRDBMS>
<generatorID>3AFC4375-B6A6-E6C8-C419-0A8A0CB38690</generatorID>
<ownerDesignName>SGV_Melhores_Compras</ownerDesignName>
<engineerTo>
<item key="D3EA570C-CF09-A95D-0250-B56D1592D2C8" value="true"/>
</engineerTo>
<nullsAllowed>true</nullsAllowed>
<useDomainConstraints>false</useDomainConstraints>
<use>1</use>
<logicalDatatype>LOGDT024</logicalDatatype>
<dataTypeSize>160</dataTypeSize>
<ownDataTypeParameters>160,,</ownDataTypeParameters>
</Attribute>
<Attribute name="DT_NASCIMENTO" id="AEC3517C-86C0-20EB-7442-78145B7782A8">
<createdBy>Gustavo Padlipskas</createdBy>
<createdTime>2022-02-15 21:50:24 UTC</createdTime>
<comment><![CDATA[Esta coluna irá receber a data de nascimento  do funcionário e seu conteúdo é obrigatório.]]></comment>
<commentInRDBMS><![CDATA[Esta coluna irá receber a data de nascimento  do funcionário e seu conteúdo é obrigatório.]]></commentInRDBMS>
<generatorID>05A5EDBC-1765-3017-F205-BA9D53169D61</generatorID>
<ownerDesignName>SGV_Melhores_Compras</ownerDesignName>
<engineerTo>
<item key="D3EA570C-CF09-A95D-0250-B56D1592D2C8" value="true"/>
</engineerTo>
<useDomainConstraints>false</useDomainConstraints>
<use>1</use>
<logicalDatatype>LOGDT007</logicalDatatype>
<ownDataTypeParameters>,,</ownDataTypeParameters>
</Attribute>
<Attribute name="FL_SEXO_BIOLOGICO" id="3BAC7994-C418-C0FF-570E-B78A65C1F7E5">
<createdBy>Gustavo Padlipskas</createdBy>
<createdTime>2022-02-15 21:50:24 UTC</createdTime>
<comment><![CDATA[Esta coluna irá receber o sexo biológico do funcionário e seu conteúdo é obrigatório.Os valores permitidos aqui seriam: (F)eminino; (M)asculino ou (Hermafrodita)]]></comment>
<commentInRDBMS><![CDATA[Esta coluna irá receber o sexo biológico do funcionário e seu conteúdo é obrigatório.Os valores permitidos aqui seriam: (F)eminino; (M)asculino ou (Hermafrodita)]]></commentInRDBMS>
<generatorID>F3FB1EB8-5ED6-F368-3E0D-EA11682B57A6</generatorID>
<ownerDesignName>SGV_Melhores_Compras</ownerDesignName>
<engineerTo>
<item key="D3EA570C-CF09-A95D-0250-B56D1592D2C8" value="true"/>
</engineerTo>
<nullsAllowed>true</nullsAllowed>
<useDomainConstraints>false</useDomainConstraints>
<use>1</use>
<logicalDatatype>LOGDT025</logicalDatatype>
<dataTypeSize>1</dataTypeSize>
<ownDataTypeParameters>1,,</ownDataTypeParameters>
</Attribute>
<Attribute name="DS_GENERO" id="990194C8-FA54-8286-6CE7-09A71CCD4B73">
<createdBy>Gustavo Padlipskas</createdBy>
<createdTime>2022-02-15 21:50:24 UTC</createdTime>
<comment><![CDATA[Esta coluna irá receber o genero atribuido ao funcionário e seu conteúdo é opcional.]]></comment>
<commentInRDBMS><![CDATA[Esta coluna irá receber o genero atribuido ao funcionário e seu conteúdo é opcional.]]></commentInRDBMS>
<generatorID>E2596825-FB1F-4246-D0E2-9EC3E4491C39</generatorID>
<ownerDesignName>SGV_Melhores_Compras</ownerDesignName>
<engineerTo>
<item key="D3EA570C-CF09-A95D-0250-B56D1592D2C8" value="true"/>
</engineerTo>
<nullsAllowed>true</nullsAllowed>
<useDomainConstraints>false</useDomainConstraints>
<use>1</use>
<logicalDatatype>LOGDT024</logicalDatatype>
<dataTypeSize>100</dataTypeSize>
<ownDataTypeParameters>100,,</ownDataTypeParameters>
</Attribute>
<Attribute name="DS_CARGO" id="9CDC9245-7EFE-7FDC-A8C7-B83EA97B5146">
<createdBy>Gustavo Padlipskas</createdBy>
<createdTime>2022-02-15 21:50:24 UTC</createdTime>
<comment><![CDATA[Esta coluna irá receber o cargo do funcionário e seu conteúdo é opcional.]]></comment>
<commentInRDBMS><![CDATA[Esta coluna irá receber o cargo do funcionário e seu conteúdo é opcional.]]></commentInRDBMS>
<generatorID>4F98228B-70A3-A25F-B28E-673275DC3034</generatorID>
<ownerDesignName>SGV_Melhores_Compras</ownerDesignName>
<engineerTo>
<item key="D3EA570C-CF09-A95D-0250-B56D1592D2C8" value="true"/>
</engineerTo>
<useDomainConstraints>false</useDomainConstraints>
<use>1</use>
<logicalDatatype>LOGDT024</logicalDatatype>
<dataTypeSize>80</dataTypeSize>
<ownDataTypeParameters>80,,</ownDataTypeParameters>
</Attribute>
<Attribute name="VL_SALARIO" id="A2B4C1DB-53E6-64EE-19A9-385C91B409F7">
<createdBy>Gustavo Padlipskas</createdBy>
<createdTime>2022-02-15 21:50:24 UTC</createdTime>
<comment><![CDATA[Esta coluna irá receber o valor do salário do funcionário e seu conteúdo é opcional.]]></comment>
<commentInRDBMS><![CDATA[Esta coluna irá receber o valor do salário do funcionário e seu conteúdo é opcional.]]></commentInRDBMS>
<generatorID>861252AE-C440-9B28-1794-7FBBFD17A5C4</generatorID>
<ownerDesignName>SGV_Melhores_Compras</ownerDesignName>
<engineerTo>
<item key="D3EA570C-CF09-A95D-0250-B56D1592D2C8" value="true"/>
</engineerTo>
<nullsAllowed>true</nullsAllowed>
<useDomainConstraints>false</useDomainConstraints>
<use>1</use>
<logicalDatatype>LOGDT019</logicalDatatype>
<dataTypePrecision>10</dataTypePrecision>
<dataTypeScale>2</dataTypeScale>
<ownDataTypeParameters>,10,2</ownDataTypeParameters>
</Attribute>
<Attribute name="DS_EMAIL" id="905A485A-0D86-3FC8-7A34-ADDF78612720">
<createdBy>Gustavo Padlipskas</createdBy>
<createdTime>2022-02-15 21:50:24 UTC</createdTime>
<comment><![CDATA[Esta coluna irá receber o email do funcionário e seu conteúdo é opcional.]]></comment>
<commentInRDBMS><![CDATA[Esta coluna irá receber o email do funcionário e seu conteúdo é opcional.]]></commentInRDBMS>
<generatorID>7933B289-6AC7-742E-EDB9-E592FD15D6D7</generatorID>
<ownerDesignName>SGV_Melhores_Compras</ownerDesignName>
<engineerTo>
<item key="D3EA570C-CF09-A95D-0250-B56D1592D2C8" value="true"/>
</engineerTo>
<nullsAllowed>true</nullsAllowed>
<useDomainConstraints>false</useDomainConstraints>
<use>1</use>
<logicalDatatype>LOGDT024</logicalDatatype>
<dataTypeSize>80</dataTypeSize>
<ownDataTypeParameters>80,,</ownDataTypeParameters>
</Attribute>
<Attribute name="ST_FUNC" id="56E9910B-82A1-23B0-F45C-35A3840779C7">
<createdBy>Gustavo Padlipskas</createdBy>
<createdTime>2022-02-15 21:50:24 UTC</createdTime>
<comment><![CDATA[Essa coluna irá armazenar o stauts do funcionário da Melhorees Compras. Os valores permitidos aqui são: A(tivo) e I(nativo).]]></comment>
<commentInRDBMS><![CDATA[Essa coluna irá armazenar o stauts do funcionário da Melhorees Compras. Os valores permitidos aqui são: A(tivo) e I(nativo).]]></commentInRDBMS>
<generatorID>C0763F5C-ACD9-48AA-D3F1-BB625976188B</generatorID>
<ownerDesignName>SGV_Melhores_Compras</ownerDesignName>
<engineerTo>
<item key="D3EA570C-CF09-A95D-0250-B56D1592D2C8" value="true"/>
</engineerTo>
<nullsAllowed>true</nullsAllowed>
<useDomainConstraints>false</useDomainConstraints>
<use>1</use>
<logicalDatatype>LOGDT025</logicalDatatype>
<dataTypeSize>1</dataTypeSize>
<ownDataTypeParameters>1,,</ownDataTypeParameters>
</Attribute>
<Attribute name="DT_CADASTRAMENTO" id="28CD093D-9B79-FDF8-ED91-C6A1E8914AF1">
<createdBy>Gustavo Padlipskas</createdBy>
<createdTime>2022-02-15 21:50:24 UTC</createdTime>
<comment><![CDATA[Data de cadastramento do Funcionario]]></comment>
<commentInRDBMS><![CDATA[Data de cadastramento do Funcionario]]></commentInRDBMS>
<generatorID>F9D9B213-FABB-256A-CC0F-DB8DE8B7F0F6</generatorID>
<ownerDesignName>SGV_Melhores_Compras</ownerDesignName>
<engineerTo>
<item key="D3EA570C-CF09-A95D-0250-B56D1592D2C8" value="true"/>
</engineerTo>
<nullsAllowed>true</nullsAllowed>
<useDomainConstraints>false</useDomainConstraints>
<use>1</use>
<logicalDatatype>LOGDT007</logicalDatatype>
<ownDataTypeParameters>,,</ownDataTypeParameters>
</Attribute>
<Attribute name="DT_DESLIGAMENTO" id="C4454D05-3A20-B734-88CE-5BA3F0336370">
<createdBy>Gustavo Padlipskas</createdBy>
<createdTime>2022-02-15 21:50:24 UTC</createdTime>
<comment><![CDATA[Data de desligamento  do Funcionario. Seu conteúdo é opcional.]]></comment>
<commentInRDBMS><![CDATA[Data de desligamento  do Funcionario. Seu conteúdo é opcional.]]></commentInRDBMS>
<generatorID>8C66A9F2-9A0F-8D2B-90EA-B0C4C798C5BD</generatorID>
<ownerDesignName>SGV_Melhores_Compras</ownerDesignName>
<engineerTo>
<item key="D3EA570C-CF09-A95D-0250-B56D1592D2C8" value="true"/>
</engineerTo>
<nullsAllowed>true</nullsAllowed>
<useDomainConstraints>false</useDomainConstraints>
<use>1</use>
<logicalDatatype>LOGDT007</logicalDatatype>
<ownDataTypeParameters>,,</ownDataTypeParameters>
</Attribute>
</attributes>
<identifiers itemClass="oracle.dbtools.crest.model.design.logical.CandidateKey">
<identifier id="28982EE6-AED8-88A2-DBC0-D28BC1B698BB" name="T_MC_FUNCIONARIO PK">
<createdBy>Gustavo Padlipskas</createdBy>
<createdTime>2022-02-15 21:52:07 UTC</createdTime>
<ownerDesignName>SGV_Melhores_Compras</ownerDesignName>
<engineerTo>
<item key="D3EA570C-CF09-A95D-0250-B56D1592D2C8" value="true"/>
</engineerTo>
<pk>true</pk>
<usedAttributes>
<attributeRef>8974EC8C-E51C-2631-3686-4D76BEC807CC</attributeRef>
</usedAttributes>
</identifier>
</identifiers>
</Entity>