<?xml version = '1.0' encoding = 'UTF-8'?>
<Entity class="oracle.dbtools.crest.model.design.logical.Entity" directorySegmentName="seg_0" id="A415FA3C-65F8-DDB3-14F3-00B2DE270E32" name="T_MC_DEPTO">
<createdBy>Gustavo Padlipskas</createdBy>
<createdTime>2022-02-15 21:50:24 UTC</createdTime>
<generatorID>09BF5BEA-E4F6-2CAC-2D9F-A77222403602</generatorID>
<ownerDesignName>SGV_Melhores_Compras</ownerDesignName>
<engineerTo>
<item key="D3EA570C-CF09-A95D-0250-B56D1592D2C8" value="true"/>
</engineerTo>
<adequatelyNormalized>NO</adequatelyNormalized>
<expectedVolumes>0</expectedVolumes>
<fwdEngineeringStrategyName>Single Table</fwdEngineeringStrategyName>
<growthPercent>0</growthPercent>
<growthType>Year</growthType>
<maxVolumes>9999999</maxVolumes>
<minVolumes>0</minVolumes>
<normalForm>Third</normalForm>
<attributes itemClass="oracle.dbtools.crest.model.design.logical.Attribute">
<Attribute name="CD_DEPTO" id="75E34DE5-FC98-0C43-3336-1614D1E43415">
<createdBy>Gustavo Padlipskas</createdBy>
<createdTime>2022-02-15 21:50:24 UTC</createdTime>
<comment><![CDATA[Esta coluna irá receber o codigo do departamento  e seu conteúdo é obrigatório.]]></comment>
<commentInRDBMS><![CDATA[Esta coluna irá receber o codigo do departamento  e seu conteúdo é obrigatório.]]></commentInRDBMS>
<generatorID>E8039C47-B236-3C3A-A0DF-33D17B2C3CF9</generatorID>
<ownerDesignName>SGV_Melhores_Compras</ownerDesignName>
<engineerTo>
<item key="D3EA570C-CF09-A95D-0250-B56D1592D2C8" value="true"/>
</engineerTo>
<useDomainConstraints>false</useDomainConstraints>
<use>1</use>
<logicalDatatype>LOGDT019</logicalDatatype>
<dataTypePrecision>3</dataTypePrecision>
<ownDataTypeParameters>,3,</ownDataTypeParameters>
</Attribute>
<Attribute name="NM_DEPTO" id="9F13CC41-5DFB-61A2-3B56-AABFA1665922">
<createdBy>Gustavo Padlipskas</createdBy>
<createdTime>2022-02-15 21:50:24 UTC</createdTime>
<comment><![CDATA[Esta coluna irá receber o nome do  departamento  e seu conteúdo é obrigatório.]]></comment>
<commentInRDBMS><![CDATA[Esta coluna irá receber o nome do  departamento  e seu conteúdo é obrigatório.]]></commentInRDBMS>
<generatorID>27F29CD9-2B20-9300-6B7A-064098A56B24</generatorID>
<ownerDesignName>SGV_Melhores_Compras</ownerDesignName>
<engineerTo>
<item key="D3EA570C-CF09-A95D-0250-B56D1592D2C8" value="true"/>
</engineerTo>
<useDomainConstraints>false</useDomainConstraints>
<use>1</use>
<logicalDatatype>LOGDT024</logicalDatatype>
<dataTypeSize>100</dataTypeSize>
<ownDataTypeParameters>100,,</ownDataTypeParameters>
</Attribute>
<Attribute name="ST_DEPTO" id="5D5FC9CA-4000-B7F7-41F5-233535D8050B">
<createdBy>Gustavo Padlipskas</createdBy>
<createdTime>2022-02-15 21:50:24 UTC</createdTime>
<comment><![CDATA[Esta coluna irá receber o status do  departamento  e seu conteúdo é obrigatório. Os valores possíveis são: (A)tivo e (I)nativo.]]></comment>
<commentInRDBMS><![CDATA[Esta coluna irá receber o status do  departamento  e seu conteúdo é obrigatório. Os valores possíveis são: (A)tivo e (I)nativo.]]></commentInRDBMS>
<generatorID>9E35BA4E-7D2E-3CD8-54B9-E6A678A3EDE8</generatorID>
<ownerDesignName>SGV_Melhores_Compras</ownerDesignName>
<engineerTo>
<item key="D3EA570C-CF09-A95D-0250-B56D1592D2C8" value="true"/>
</engineerTo>
<useDomainConstraints>false</useDomainConstraints>
<use>1</use>
<logicalDatatype>LOGDT025</logicalDatatype>
<dataTypeSize>1</dataTypeSize>
<ownDataTypeParameters>1,,</ownDataTypeParameters>
</Attribute>
</attributes>
<identifiers itemClass="oracle.dbtools.crest.model.design.logical.CandidateKey">
<identifier id="57621EBD-2C03-F8A9-3693-5B3A72DEE292" name="T_MC_DEPTO PK">
<createdBy>Gustavo Padlipskas</createdBy>
<createdTime>2022-02-15 21:55:08 UTC</createdTime>
<ownerDesignName>SGV_Melhores_Compras</ownerDesignName>
<engineerTo>
<item key="D3EA570C-CF09-A95D-0250-B56D1592D2C8" value="true"/>
</engineerTo>
<pk>true</pk>
<usedAttributes>
<attributeRef>75E34DE5-FC98-0C43-3336-1614D1E43415</attributeRef>
</usedAttributes>
</identifier>
</identifiers>
</Entity>