<?xml version = '1.0' encoding = 'UTF-8'?>
<Entity class="oracle.dbtools.crest.model.design.logical.Entity" directorySegmentName="seg_0" id="BE06EF66-179E-9751-9CD6-7D0A10636C31" name="T_MC_PRODUTO">
<createdBy>Gustavo Padlipskas</createdBy>
<createdTime>2022-02-15 21:50:24 UTC</createdTime>
<generatorID>0E48B727-90AE-BC11-870C-1DCFAEC8AE93</generatorID>
<ownerDesignName>SGV_Melhores_Compras</ownerDesignName>
<engineerTo>
<item key="D3EA570C-CF09-A95D-0250-B56D1592D2C8" value="true"/>
</engineerTo>
<adequatelyNormalized>NO</adequatelyNormalized>
<expectedVolumes>0</expectedVolumes>
<fwdEngineeringStrategyName>Single Table</fwdEngineeringStrategyName>
<growthPercent>0</growthPercent>
<growthType>Year</growthType>
<maxVolumes>9999999</maxVolumes>
<minVolumes>0</minVolumes>
<normalForm>Third</normalForm>
<attributes itemClass="oracle.dbtools.crest.model.design.logical.Attribute">
<Attribute name="CD_PRODUTO" id="52256C5F-4713-4906-92BF-819EB84E5856">
<createdBy>Gustavo Padlipskas</createdBy>
<createdTime>2022-02-15 21:50:24 UTC</createdTime>
<comment><![CDATA[Essa coluna irá armazenar a chave primária da tabela de produtos da Melhorees Compras. A cada produto cadastrado será acionada a Sequence  SQ_MC_PRODUTO que se encarregará de gerar o próximo número único do produto.]]></comment>
<commentInRDBMS><![CDATA[Essa coluna irá armazenar a chave primária da tabela de produtos da Melhorees Compras. A cada produto cadastrado será acionada a Sequence  SQ_MC_PRODUTO que se encarregará de gerar o próximo número único do produto.]]></commentInRDBMS>
<generatorID>7C5C6ED1-7E54-30C0-CE0F-68E16D66953D</generatorID>
<ownerDesignName>SGV_Melhores_Compras</ownerDesignName>
<engineerTo>
<item key="D3EA570C-CF09-A95D-0250-B56D1592D2C8" value="true"/>
</engineerTo>
<useDomainConstraints>false</useDomainConstraints>
<use>1</use>
<logicalDatatype>LOGDT019</logicalDatatype>
<dataTypePrecision>10</dataTypePrecision>
<ownDataTypeParameters>,10,</ownDataTypeParameters>
</Attribute>
<Attribute name="CD_CATEGORIA" id="5659751F-A747-CC0A-94A2-1C31F2547DA2">
<createdBy>Gustavo Padlipskas</createdBy>
<createdTime>2022-02-15 21:50:24 UTC</createdTime>
<comment><![CDATA[Essa coluna irá armazenar a chave primária da tabela de categoria de produtos da Melhorees Compras. Cada categoria nova cadastrada  será acionada a Sequence  SQ_MC_CATEGORIA que se encarregará de gerar o próximo número único da categoria..]]></comment>
<commentInRDBMS><![CDATA[Essa coluna irá armazenar a chave primária da tabela de categoria de produtos da Melhorees Compras. Cada categoria nova cadastrada  será acionada a Sequence  SQ_MC_CATEGORIA que se encarregará de gerar o próximo número único da categoria..]]></commentInRDBMS>
<ownerDesignName>SGV_Melhores_Compras</ownerDesignName>
<engineerTo>
<item key="D3EA570C-CF09-A95D-0250-B56D1592D2C8" value="true"/>
</engineerTo>
<useDomainConstraints>false</useDomainConstraints>
<use>1</use>
<logicalDatatype>LOGDT019</logicalDatatype>
<ownDataTypeParameters>,,</ownDataTypeParameters>
</Attribute>
<Attribute name="NR_CD_BARRAS_PROD" id="B9DA0DB8-E2FB-0FC2-48F5-B1EE58CBF11F">
<createdBy>Gustavo Padlipskas</createdBy>
<createdTime>2022-02-15 21:50:24 UTC</createdTime>
<comment><![CDATA[Essa coluna irá armazenar o número do codigo de barras  do produto. Seu conteúdo deve ser opcional.]]></comment>
<commentInRDBMS><![CDATA[Essa coluna irá armazenar o número do codigo de barras  do produto. Seu conteúdo deve ser opcional.]]></commentInRDBMS>
<generatorID>8285CA14-212C-EF5C-A40D-5473BD263398</generatorID>
<ownerDesignName>SGV_Melhores_Compras</ownerDesignName>
<engineerTo>
<item key="D3EA570C-CF09-A95D-0250-B56D1592D2C8" value="true"/>
</engineerTo>
<nullsAllowed>true</nullsAllowed>
<useDomainConstraints>false</useDomainConstraints>
<use>1</use>
<logicalDatatype>LOGDT024</logicalDatatype>
<dataTypeSize>50</dataTypeSize>
<ownDataTypeParameters>50,,</ownDataTypeParameters>
</Attribute>
<Attribute name="DS_PRODUTO" id="CE7616E3-C2A7-19DA-8307-5462584E6F63">
<createdBy>Gustavo Padlipskas</createdBy>
<createdTime>2022-02-15 21:50:24 UTC</createdTime>
<comment><![CDATA[Essa coluna irá armazenar a descrição principal do produto. Seu conteúdo deve ser  obrigatorio.]]></comment>
<commentInRDBMS><![CDATA[Essa coluna irá armazenar a descrição principal do produto. Seu conteúdo deve ser  obrigatorio.]]></commentInRDBMS>
<generatorID>B06B20B1-7630-A5A3-CA95-7505DFCA7663</generatorID>
<ownerDesignName>SGV_Melhores_Compras</ownerDesignName>
<engineerTo>
<item key="D3EA570C-CF09-A95D-0250-B56D1592D2C8" value="true"/>
</engineerTo>
<useDomainConstraints>false</useDomainConstraints>
<use>1</use>
<logicalDatatype>LOGDT024</logicalDatatype>
<dataTypeSize>80</dataTypeSize>
<ownDataTypeParameters>80,,</ownDataTypeParameters>
</Attribute>
<Attribute name="VL_UNITARIO" id="12039177-CFD6-1930-EC66-EE966CBBD516">
<createdBy>Gustavo Padlipskas</createdBy>
<createdTime>2022-02-15 21:50:24 UTC</createdTime>
<comment><![CDATA[Essa coluna irá armazenar o valor unitário do produto. Seu conteúdo deve ser > 0 ]]></comment>
<commentInRDBMS><![CDATA[Essa coluna irá armazenar o valor unitário do produto. Seu conteúdo deve ser > 0 ]]></commentInRDBMS>
<generatorID>5923E7FB-EE4E-60AD-BE6F-5B148EA328A7</generatorID>
<ownerDesignName>SGV_Melhores_Compras</ownerDesignName>
<engineerTo>
<item key="D3EA570C-CF09-A95D-0250-B56D1592D2C8" value="true"/>
</engineerTo>
<useDomainConstraints>false</useDomainConstraints>
<use>1</use>
<logicalDatatype>LOGDT019</logicalDatatype>
<dataTypePrecision>8</dataTypePrecision>
<dataTypeScale>2</dataTypeScale>
<ownDataTypeParameters>,8,2</ownDataTypeParameters>
</Attribute>
<Attribute name="TP_EMBALAGEM" id="EF87FDF1-F78E-C3FB-EB59-3F82AADB17BA">
<createdBy>Gustavo Padlipskas</createdBy>
<createdTime>2022-02-15 21:50:24 UTC</createdTime>
<comment><![CDATA[Essa coluna irá armazenar o tipo de embalagem do produto. Seu conteúdo pode ser opcional.]]></comment>
<commentInRDBMS><![CDATA[Essa coluna irá armazenar o tipo de embalagem do produto. Seu conteúdo pode ser opcional.]]></commentInRDBMS>
<generatorID>1982E641-929A-5A2D-C8C5-67C657FD1FE8</generatorID>
<ownerDesignName>SGV_Melhores_Compras</ownerDesignName>
<engineerTo>
<item key="D3EA570C-CF09-A95D-0250-B56D1592D2C8" value="true"/>
</engineerTo>
<nullsAllowed>true</nullsAllowed>
<useDomainConstraints>false</useDomainConstraints>
<use>1</use>
<logicalDatatype>LOGDT024</logicalDatatype>
<dataTypeSize>15</dataTypeSize>
<ownDataTypeParameters>15,,</ownDataTypeParameters>
</Attribute>
<Attribute name="ST_PRODUTO" id="6B0FE3A5-FFEB-F558-0408-2EB1EC07B5BB">
<createdBy>Gustavo Padlipskas</createdBy>
<createdTime>2022-02-15 21:50:24 UTC</createdTime>
<comment><![CDATA[Essa coluna irá armazenar o stauts do produto da Melhorees Compras. Os valores permitidos aqui são: A(tivo) e I(nativo).]]></comment>
<commentInRDBMS><![CDATA[Essa coluna irá armazenar o stauts do produto da Melhorees Compras. Os valores permitidos aqui são: A(tivo) e I(nativo).]]></commentInRDBMS>
<generatorID>E1BCBBD8-F0FF-A360-BD7D-FF7AAABD4380</generatorID>
<ownerDesignName>SGV_Melhores_Compras</ownerDesignName>
<engineerTo>
<item key="D3EA570C-CF09-A95D-0250-B56D1592D2C8" value="true"/>
</engineerTo>
<nullsAllowed>true</nullsAllowed>
<useDomainConstraints>false</useDomainConstraints>
<use>1</use>
<logicalDatatype>LOGDT025</logicalDatatype>
<dataTypeSize>1</dataTypeSize>
<ownDataTypeParameters>1,,</ownDataTypeParameters>
</Attribute>
<Attribute name="VL_PERC_LUCRO" id="4BD6F3E5-F90B-C186-37A6-9EB7F35F8C4B">
<createdBy>Gustavo Padlipskas</createdBy>
<createdTime>2022-02-15 21:50:24 UTC</createdTime>
<comment><![CDATA[Essa coluna irá armazenar o percentual  do lucro médio para cada produto. Seu conteúdo deve ser opcional.]]></comment>
<commentInRDBMS><![CDATA[Essa coluna irá armazenar o percentual  do lucro médio para cada produto. Seu conteúdo deve ser opcional.]]></commentInRDBMS>
<generatorID>382B91E9-C2D0-7DB6-1EA2-C007051E77E1</generatorID>
<ownerDesignName>SGV_Melhores_Compras</ownerDesignName>
<engineerTo>
<item key="D3EA570C-CF09-A95D-0250-B56D1592D2C8" value="true"/>
</engineerTo>
<nullsAllowed>true</nullsAllowed>
<useDomainConstraints>false</useDomainConstraints>
<use>1</use>
<logicalDatatype>LOGDT019</logicalDatatype>
<dataTypePrecision>8</dataTypePrecision>
<dataTypeScale>2</dataTypeScale>
<ownDataTypeParameters>,8,2</ownDataTypeParameters>
</Attribute>
<Attribute name="DS_COMPLETA_PROD" id="D161EA5D-B1B7-BB62-F769-9EAA0A3CC8A8">
<createdBy>Gustavo Padlipskas</createdBy>
<createdTime>2022-02-15 21:50:24 UTC</createdTime>
<comment><![CDATA[Essa coluna irá armazenar a descrição completa do produto. Seu conteúdo deve ser  obrigatorio.]]></comment>
<commentInRDBMS><![CDATA[Essa coluna irá armazenar a descrição completa do produto. Seu conteúdo deve ser  obrigatorio.]]></commentInRDBMS>
<generatorID>61FA5414-8B59-B650-EE04-3A5CE61BE463</generatorID>
<ownerDesignName>SGV_Melhores_Compras</ownerDesignName>
<engineerTo>
<item key="D3EA570C-CF09-A95D-0250-B56D1592D2C8" value="true"/>
</engineerTo>
<useDomainConstraints>false</useDomainConstraints>
<use>1</use>
<logicalDatatype>LOGDT024</logicalDatatype>
<dataTypeSize>4000</dataTypeSize>
<ownDataTypeParameters>4000,,</ownDataTypeParameters>
</Attribute>
</attributes>
<identifiers itemClass="oracle.dbtools.crest.model.design.logical.CandidateKey">
<identifier id="D514039E-CBE9-DEA1-4B2A-515DF6783C97" name="T_MC_PRODUTO PK">
<createdBy>Gustavo Padlipskas</createdBy>
<createdTime>2022-02-15 21:52:22 UTC</createdTime>
<ownerDesignName>SGV_Melhores_Compras</ownerDesignName>
<engineerTo>
<item key="D3EA570C-CF09-A95D-0250-B56D1592D2C8" value="true"/>
</engineerTo>
<pk>true</pk>
<usedAttributes>
<attributeRef>52256C5F-4713-4906-92BF-819EB84E5856</attributeRef>
</usedAttributes>
</identifier>
</identifiers>
</Entity>