<?xml version = '1.0' encoding = 'UTF-8'?>
<Entity class="oracle.dbtools.crest.model.design.logical.Entity" directorySegmentName="seg_0" id="D205C63D-AB1E-9922-193C-4CFAD111FF34" name="T_MC_SGV_VISUALIZACAO_VIDEO">
<createdBy>Gustavo Padlipskas</createdBy>
<createdTime>2022-02-15 21:50:24 UTC</createdTime>
<generatorID>28F64B05-779D-029A-71EE-F134DD6C5D92</generatorID>
<ownerDesignName>SGV_Melhores_Compras</ownerDesignName>
<engineerTo>
<item key="D3EA570C-CF09-A95D-0250-B56D1592D2C8" value="true"/>
</engineerTo>
<adequatelyNormalized>NO</adequatelyNormalized>
<expectedVolumes>0</expectedVolumes>
<fwdEngineeringStrategyName>Single Table</fwdEngineeringStrategyName>
<growthPercent>0</growthPercent>
<growthType>Year</growthType>
<maxVolumes>9999999</maxVolumes>
<minVolumes>0</minVolumes>
<normalForm>Third</normalForm>
<attributes itemClass="oracle.dbtools.crest.model.design.logical.Attribute">
<Attribute name="CD_VISUALIZACAO_VIDEO" id="005F6ACB-8C20-2383-15F4-A356BB85F48E">
<createdBy>Gustavo Padlipskas</createdBy>
<createdTime>2022-02-15 21:50:24 UTC</createdTime>
<comment><![CDATA[Essa coluna irá armazenar a chave primária da tabela de visualização do vídeo, onde a cada click que o usuario logado ou anônimo realizar, será anotado o acesso realizado.]]></comment>
<commentInRDBMS><![CDATA[Essa coluna irá armazenar a chave primária da tabela de visualização do vídeo, onde a cada click que o usuario logado ou anônimo realizar, será anotado o acesso realizado.]]></commentInRDBMS>
<generatorID>34AC82C6-64AA-D355-81FE-5F624BE0DA86</generatorID>
<ownerDesignName>SGV_Melhores_Compras</ownerDesignName>
<engineerTo>
<item key="D3EA570C-CF09-A95D-0250-B56D1592D2C8" value="true"/>
</engineerTo>
<useDomainConstraints>false</useDomainConstraints>
<use>1</use>
<logicalDatatype>LOGDT019</logicalDatatype>
<dataTypePrecision>10</dataTypePrecision>
<ownDataTypeParameters>,10,</ownDataTypeParameters>
</Attribute>
<Attribute name="NR_CLIENTE" id="9B8DA509-96A0-BCC1-FC12-43F763885D28">
<createdBy>Gustavo Padlipskas</createdBy>
<createdTime>2022-02-15 21:50:24 UTC</createdTime>
<comment><![CDATA[Essa coluna irá armazenar o código único do cliente na plataforma ecommerce da Melhores Compras.Seu conteúdo deve ser obrigatório, único e preenhcido a  parrtir da chamada de sequence  SQ_MC_CLIENTE, a qual terá sempre o número disponivel para uso.]]></comment>
<commentInRDBMS><![CDATA[Essa coluna irá armazenar o código único do cliente na plataforma ecommerce da Melhores Compras.Seu conteúdo deve ser obrigatório, único e preenhcido a  parrtir da chamada de sequence  SQ_MC_CLIENTE, a qual terá sempre o número disponivel para uso.]]></commentInRDBMS>
<ownerDesignName>SGV_Melhores_Compras</ownerDesignName>
<engineerTo>
<item key="D3EA570C-CF09-A95D-0250-B56D1592D2C8" value="true"/>
</engineerTo>
<nullsAllowed>true</nullsAllowed>
<useDomainConstraints>false</useDomainConstraints>
<use>1</use>
<logicalDatatype>LOGDT019</logicalDatatype>
<ownDataTypeParameters>,,</ownDataTypeParameters>
</Attribute>
<Attribute name="CD_PRODUTO" id="18E02EF7-66D1-DD03-5C00-0A8F37451E66">
<createdBy>Gustavo Padlipskas</createdBy>
<createdTime>2022-02-15 21:50:24 UTC</createdTime>
<comment><![CDATA[Essa coluna irá armazenar a chave primária da tabela de produtos da Melhorees Compras. A cada produto cadastrado será acionada a Sequence  SQ_MC_PRODUTO que se encarregará de gerar o próximo número único do produto.]]></comment>
<commentInRDBMS><![CDATA[Essa coluna irá armazenar a chave primária da tabela de produtos da Melhorees Compras. A cada produto cadastrado será acionada a Sequence  SQ_MC_PRODUTO que se encarregará de gerar o próximo número único do produto.]]></commentInRDBMS>
<ownerDesignName>SGV_Melhores_Compras</ownerDesignName>
<engineerTo>
<item key="D3EA570C-CF09-A95D-0250-B56D1592D2C8" value="true"/>
</engineerTo>
<useDomainConstraints>false</useDomainConstraints>
<use>1</use>
<logicalDatatype>LOGDT019</logicalDatatype>
<ownDataTypeParameters>,,</ownDataTypeParameters>
</Attribute>
<Attribute name="DT_VISUALIZACAO" id="1FCF8514-3868-1582-A945-1C96BA5F60A5">
<createdBy>Gustavo Padlipskas</createdBy>
<createdTime>2022-02-15 21:50:24 UTC</createdTime>
<comment><![CDATA[Essa  coluna  irá  receber a data da visualização feita pelo  usuário no formato dd/mm/yyyy. Essa coluna é obrigatória.]]></comment>
<commentInRDBMS><![CDATA[Essa  coluna  irá  receber a data da visualização feita pelo  usuário no formato dd/mm/yyyy. Essa coluna é obrigatória.]]></commentInRDBMS>
<generatorID>DFEE5AD1-AFA4-EB87-9AEF-6E7EC20392FF</generatorID>
<ownerDesignName>SGV_Melhores_Compras</ownerDesignName>
<engineerTo>
<item key="D3EA570C-CF09-A95D-0250-B56D1592D2C8" value="true"/>
</engineerTo>
<useDomainConstraints>false</useDomainConstraints>
<use>1</use>
<logicalDatatype>LOGDT007</logicalDatatype>
<ownDataTypeParameters>,,</ownDataTypeParameters>
</Attribute>
<Attribute name="NR_HORA_VISUALIZACAO" id="4A515CC7-FD8A-931F-65A9-6C0B533C998B">
<createdBy>Gustavo Padlipskas</createdBy>
<createdTime>2022-02-15 21:50:24 UTC</createdTime>
<comment><![CDATA[Essa  coluna  irá  receber o horário no formato HH24 da visualização feita pelo  usuário. Essa coluna é obrigatória.]]></comment>
<commentInRDBMS><![CDATA[Essa  coluna  irá  receber o horário no formato HH24 da visualização feita pelo  usuário. Essa coluna é obrigatória.]]></commentInRDBMS>
<generatorID>A1E786CF-130D-AF84-BC29-1581DC11FB21</generatorID>
<ownerDesignName>SGV_Melhores_Compras</ownerDesignName>
<engineerTo>
<item key="D3EA570C-CF09-A95D-0250-B56D1592D2C8" value="true"/>
</engineerTo>
<useDomainConstraints>false</useDomainConstraints>
<use>1</use>
<logicalDatatype>LOGDT019</logicalDatatype>
<dataTypePrecision>2</dataTypePrecision>
<ownDataTypeParameters>,2,</ownDataTypeParameters>
</Attribute>
<Attribute name="NR_MINUTO_VIDEO" id="E176888D-EC4E-3808-F217-1DB360224001">
<createdBy>Gustavo Padlipskas</createdBy>
<createdTime>2022-02-15 21:50:24 UTC</createdTime>
<comment><![CDATA[Essa  coluna  irá  receber o horário do minuto do vídeo quando foi feita a visualização pelo  usuário. Essa coluna é obrigatória e os valores possíveis estão entre 00 e 59, representando os minutos.]]></comment>
<commentInRDBMS><![CDATA[Essa  coluna  irá  receber o horário do minuto do vídeo quando foi feita a visualização pelo  usuário. Essa coluna é obrigatória e os valores possíveis estão entre 00 e 59, representando os minutos.]]></commentInRDBMS>
<generatorID>EF40BFAE-2B5A-961F-2EBE-B90DA4BD56FA</generatorID>
<ownerDesignName>SGV_Melhores_Compras</ownerDesignName>
<engineerTo>
<item key="D3EA570C-CF09-A95D-0250-B56D1592D2C8" value="true"/>
</engineerTo>
<nullsAllowed>true</nullsAllowed>
<useDomainConstraints>false</useDomainConstraints>
<use>1</use>
<logicalDatatype>LOGDT019</logicalDatatype>
<dataTypePrecision>2</dataTypePrecision>
<ownDataTypeParameters>,2,</ownDataTypeParameters>
</Attribute>
<Attribute name="NR_SEGUNDO_VIDEO" id="B45028A4-B144-5E73-DD45-0DDBDD63171B">
<createdBy>Gustavo Padlipskas</createdBy>
<createdTime>2022-02-15 21:50:24 UTC</createdTime>
<comment><![CDATA[Essa  coluna  irá  receber o horário dos segundos do vídeo quando foi feita a visualização pelo  usuário. Essa coluna é obrigatória e os valores possíveis estão entre 00 e 59, representando os minutos.]]></comment>
<commentInRDBMS><![CDATA[Essa  coluna  irá  receber o horário dos segundos do vídeo quando foi feita a visualização pelo  usuário. Essa coluna é obrigatória e os valores possíveis estão entre 00 e 59, representando os minutos.]]></commentInRDBMS>
<generatorID>51FFBB3B-8531-8A69-F606-4F1DD4336ADB</generatorID>
<ownerDesignName>SGV_Melhores_Compras</ownerDesignName>
<engineerTo>
<item key="D3EA570C-CF09-A95D-0250-B56D1592D2C8" value="true"/>
</engineerTo>
<nullsAllowed>true</nullsAllowed>
<useDomainConstraints>false</useDomainConstraints>
<use>1</use>
<logicalDatatype>LOGDT019</logicalDatatype>
<dataTypePrecision>2</dataTypePrecision>
<ownDataTypeParameters>,2,</ownDataTypeParameters>
</Attribute>
</attributes>
</Entity>