<?xml version = '1.0' encoding = 'UTF-8'?>
<Diagram class="oracle.dbtools.crest.swingui.logical.DPVLogical" name="Logical" id="58AF0B7A-E693-73EF-D09F-CACD79BBCDD3">
<createdBy>salviop</createdBy>
<modifiedBy>salviop</modifiedBy>
<createdTime>2013-01-03 21:44:02 UTC</createdTime>
<autoRoute>false</autoRoute>
<boxInbox>true</boxInbox>
<showLegend>false</showLegend>
<showLabels>false</showLabels>
<showRelAttributes>false</showRelAttributes>
<gridEnabled>false</gridEnabled>
<showGrid>false</showGrid>
<diagramColor>-1</diagramColor>
<display>false</display>
<notation>2</notation>
<objectViews>
<OView class="oracle.dbtools.crest.swingui.logical.TVEntity" oid="2BAD7865-535E-48EB-78FC-1058B137A326" otype="Entity" vid="CE4D365D-441A-1EEC-77DD-C62D852CAB76">
<hideElementsInCurrentOnly>false</hideElementsInCurrentOnly>
<bounds x="1681" y="377" width="329" height="223"/>
</OView>
<OView class="oracle.dbtools.crest.swingui.logical.TVEntity" oid="2F01A716-66F0-13FE-8D7F-A1C20526FA2B" otype="Entity" vid="D5D16503-C0E3-9998-006F-8541B1E8605A">
<hideElementsInCurrentOnly>false</hideElementsInCurrentOnly>
<bounds x="443" y="910" width="374" height="174"/>
</OView>
<OView class="oracle.dbtools.crest.swingui.logical.TVEntity" oid="385D799F-69FD-4FD6-718B-08C48B9B40C6" otype="Entity" vid="B9D52240-2E59-A955-EDD3-BDC9FEF33F00">
<hideElementsInCurrentOnly>false</hideElementsInCurrentOnly>
<bounds x="893" y="661" width="301" height="426"/>
</OView>
<OView class="oracle.dbtools.crest.swingui.logical.TVEntity" oid="5B44120A-DACC-A512-76A1-E40C28EBF8D3" otype="Entity" vid="F994B57D-A754-4FBB-D147-CFD339A4CF6F">
<hideElementsInCurrentOnly>false</hideElementsInCurrentOnly>
<bounds x="888" y="368" width="313" height="231"/>
</OView>
<OView class="oracle.dbtools.crest.swingui.logical.TVEntity" oid="649F3975-D34A-7276-EEFF-195682237C3D" otype="Entity" vid="8046E311-CDF0-88FE-049B-96AA43DE1A39">
<hideElementsInCurrentOnly>false</hideElementsInCurrentOnly>
<bounds x="1682" y="187" width="324" height="135"/>
</OView>
<OView class="oracle.dbtools.crest.swingui.logical.TVEntity" oid="680A0AA9-73CD-B998-6333-76D61B9AB472" otype="Entity" vid="F8C60D2C-CE6C-D5C3-2DF4-492F71874D2D">
<hideElementsInCurrentOnly>false</hideElementsInCurrentOnly>
<bounds x="1025" y="170" width="253" height="134"/>
</OView>
<OView class="oracle.dbtools.crest.swingui.logical.TVEntity" oid="6BBB390A-FD09-9E66-3FD6-0C5CC67689AA" otype="Entity" vid="7417CA13-DB70-62AA-0E92-635BE394E7AB">
<hideElementsInCurrentOnly>false</hideElementsInCurrentOnly>
<bounds x="1265" y="5" width="313" height="96"/>
</OView>
<OView class="oracle.dbtools.crest.swingui.logical.TVEntity" oid="6C0CBD07-A65D-0D3E-207B-BE8211DDB3A4" otype="Entity" vid="D7401CD4-8559-0364-54F7-4CBEDC02DED1">
<hideElementsInCurrentOnly>false</hideElementsInCurrentOnly>
<bounds x="1675" y="673" width="345" height="189"/>
</OView>
<OView class="oracle.dbtools.crest.swingui.logical.TVEntity" oid="8BC3F790-37D5-1417-C970-537C89D8E20E" otype="Entity" vid="D1C1C8AC-DC24-1E8E-817E-EF88B910126E">
<hideElementsInCurrentOnly>false</hideElementsInCurrentOnly>
<bounds x="1254" y="370" width="325" height="234"/>
</OView>
<OView class="oracle.dbtools.crest.swingui.logical.TVEntity" oid="923AF2A0-4E0C-EA8F-76F7-B5168890BA2D" otype="Entity" vid="C6EA5EB3-0490-281F-FB19-6F0AAADA096B">
<hideElementsInCurrentOnly>false</hideElementsInCurrentOnly>
<bounds x="1272" y="660" width="297" height="394"/>
</OView>
<OView class="oracle.dbtools.crest.swingui.logical.TVEntity" oid="A415FA3C-65F8-DDB3-14F3-00B2DE270E32" otype="Entity" vid="A64BBA44-94CC-93F8-895C-35BFBBBB0394">
<hideElementsInCurrentOnly>false</hideElementsInCurrentOnly>
<bounds x="1679" y="910" width="345" height="129"/>
</OView>
<OView class="oracle.dbtools.crest.swingui.logical.TVEntity" oid="BE06EF66-179E-9751-9CD6-7D0A10636C31" otype="Entity" vid="4653D8B5-7DA0-FDD0-0CD9-250EAFF6A77D">
<hideElementsInCurrentOnly>false</hideElementsInCurrentOnly>
<bounds x="444" y="660" width="375" height="202"/>
</OView>
<OView class="oracle.dbtools.crest.swingui.logical.TVEntity" oid="C0B9C36C-741B-5157-48C6-33C17F5CB2FF" otype="Entity" vid="04475925-3D05-D08D-5ED2-01A55D9E44FC">
<hideElementsInCurrentOnly>false</hideElementsInCurrentOnly>
<bounds x="1674" y="0" width="330" height="150"/>
</OView>
<OView class="oracle.dbtools.crest.swingui.logical.TVEntity" oid="D205C63D-AB1E-9922-193C-4CFAD111FF34" otype="Entity" vid="4813CC5B-2AB8-1365-E8D6-9686E20CA4F5">
<hideElementsInCurrentOnly>false</hideElementsInCurrentOnly>
<bounds x="444" y="363" width="375" height="243"/>
</OView>
<OView class="oracle.dbtools.crest.swingui.logical.TVEntity" oid="D4E8E350-66CE-9969-907A-18D790F0E1AC" otype="Entity" vid="95B91E1A-4EDA-711B-390F-389895FED9E3">
<hideElementsInCurrentOnly>false</hideElementsInCurrentOnly>
<bounds x="112" y="660" width="268" height="201"/>
</OView>
<OView class="oracle.dbtools.crest.swingui.logical.TVEntity" oid="FA5D5CBD-DEEF-C222-6289-3783609F3188" otype="Entity" vid="30953F31-35A5-6637-092A-D6B60E6CCD0F">
<hideElementsInCurrentOnly>false</hideElementsInCurrentOnly>
<bounds x="732" y="165" width="241" height="137"/>
</OView>
</objectViews>
<connectors>
<Connector class="oracle.dbtools.crest.swingui.logical.TVRelation" oid="3A4615D7-C718-EADF-5BE1-DAB22CAC6755" otype="Relation" vid_source="C6EA5EB3-0490-281F-FB19-6F0AAADA096B" vid_target="B9D52240-2E59-A955-EDD3-BDC9FEF33F00">
<hideElementsInCurrentOnly>false</hideElementsInCurrentOnly>
<backgroundColor>-16777216</backgroundColor>
<lineWidth>1</lineWidth>
<points>
<point x="1272" y="857"/>
<point x="1194" y="857"/>
</points>
</Connector>
<Connector class="oracle.dbtools.crest.swingui.logical.TVRelation" oid="436B09EA-8CA3-2FD7-A014-4A37B22B6983" otype="Relation" vid_source="F994B57D-A754-4FBB-D147-CFD339A4CF6F" vid_target="B9D52240-2E59-A955-EDD3-BDC9FEF33F00">
<hideElementsInCurrentOnly>false</hideElementsInCurrentOnly>
<backgroundColor>-16777216</backgroundColor>
<lineWidth>1</lineWidth>
<points>
<point x="1058" y="599"/>
<point x="1058" y="661"/>
</points>
</Connector>
<Connector class="oracle.dbtools.crest.swingui.logical.TVRelation" oid="4D288132-F20E-5C3D-03A4-F2074EBF46E3" otype="Relation" vid_source="95B91E1A-4EDA-711B-390F-389895FED9E3" vid_target="D5D16503-C0E3-9998-006F-8541B1E8605A">
<hideElementsInCurrentOnly>false</hideElementsInCurrentOnly>
<backgroundColor>-16777216</backgroundColor>
<lineWidth>1</lineWidth>
<points>
<point x="241" y="861"/>
<point x="241" y="979"/>
<point x="443" y="979"/>
</points>
</Connector>
<Connector class="oracle.dbtools.crest.swingui.logical.TVRelation" oid="560B18C1-9EB5-1A1D-61F5-7501AFBC2F6B" otype="Relation" vid_source="4653D8B5-7DA0-FDD0-0CD9-250EAFF6A77D" vid_target="D5D16503-C0E3-9998-006F-8541B1E8605A">
<hideElementsInCurrentOnly>false</hideElementsInCurrentOnly>
<backgroundColor>-16777216</backgroundColor>
<lineWidth>1</lineWidth>
<points>
<point x="630" y="862"/>
<point x="630" y="910"/>
</points>
</Connector>
<Connector class="oracle.dbtools.crest.swingui.logical.TVRelation" oid="5707535F-DBEA-DC5A-6A24-1B0210CC2528" otype="Relation" vid_source="C6EA5EB3-0490-281F-FB19-6F0AAADA096B" vid_target="D7401CD4-8559-0364-54F7-4CBEDC02DED1">
<hideElementsInCurrentOnly>false</hideElementsInCurrentOnly>
<backgroundColor>-16777216</backgroundColor>
<lineWidth>1</lineWidth>
<points>
<point x="1569" y="767"/>
<point x="1675" y="767"/>
</points>
</Connector>
<Connector class="oracle.dbtools.crest.swingui.logical.TVRelation" oid="65690C4C-52E6-F3A0-2298-2D4937148927" otype="Relation" vid_source="F994B57D-A754-4FBB-D147-CFD339A4CF6F" vid_target="4813CC5B-2AB8-1365-E8D6-9686E20CA4F5">
<hideElementsInCurrentOnly>false</hideElementsInCurrentOnly>
<backgroundColor>-16777216</backgroundColor>
<lineWidth>1</lineWidth>
<points>
<point x="888" y="498"/>
<point x="819" y="498"/>
</points>
</Connector>
<Connector class="oracle.dbtools.crest.swingui.logical.TVRelation" oid="6D289BFB-E66C-9523-A616-23FD5C7E20B6" otype="Relation" vid_source="4653D8B5-7DA0-FDD0-0CD9-250EAFF6A77D" vid_target="4813CC5B-2AB8-1365-E8D6-9686E20CA4F5">
<hideElementsInCurrentOnly>false</hideElementsInCurrentOnly>
<backgroundColor>-16777216</backgroundColor>
<lineWidth>1</lineWidth>
<points>
<point x="631" y="660"/>
<point x="631" y="606"/>
</points>
</Connector>
<Connector class="oracle.dbtools.crest.swingui.logical.TVRelation" oid="ACF17F1F-4D0D-C55C-2CE9-2C627B1CACD3" otype="Relation" vid_source="4653D8B5-7DA0-FDD0-0CD9-250EAFF6A77D" vid_target="B9D52240-2E59-A955-EDD3-BDC9FEF33F00">
<hideElementsInCurrentOnly>false</hideElementsInCurrentOnly>
<backgroundColor>-16777216</backgroundColor>
<lineWidth>1</lineWidth>
<points>
<point x="819" y="761"/>
<point x="893" y="761"/>
</points>
</Connector>
<Connector class="oracle.dbtools.crest.swingui.logical.TVRelation" oid="AE4F31DD-6329-C8A0-1A2D-6B8C0EAFB64B" otype="Relation" vid_source="8046E311-CDF0-88FE-049B-96AA43DE1A39" vid_target="CE4D365D-441A-1EEC-77DD-C62D852CAB76">
<hideElementsInCurrentOnly>false</hideElementsInCurrentOnly>
<backgroundColor>-16777216</backgroundColor>
<lineWidth>1</lineWidth>
<points>
<point x="1844" y="322"/>
<point x="1844" y="377"/>
</points>
</Connector>
<Connector class="oracle.dbtools.crest.swingui.logical.TVRelation" oid="AE92146B-532A-E9C3-66F0-969DAEE0CA07" otype="Relation" vid_source="04475925-3D05-D08D-5ED2-01A55D9E44FC" vid_target="8046E311-CDF0-88FE-049B-96AA43DE1A39">
<hideElementsInCurrentOnly>false</hideElementsInCurrentOnly>
<backgroundColor>-16777216</backgroundColor>
<lineWidth>1</lineWidth>
<points>
<point x="1843" y="150"/>
<point x="1843" y="187"/>
</points>
</Connector>
<Connector class="oracle.dbtools.crest.swingui.logical.TVRelation" oid="B436E456-8582-9B4F-A951-C852326676C6" otype="Relation" vid_source="95B91E1A-4EDA-711B-390F-389895FED9E3" vid_target="4653D8B5-7DA0-FDD0-0CD9-250EAFF6A77D">
<hideElementsInCurrentOnly>false</hideElementsInCurrentOnly>
<backgroundColor>-16777216</backgroundColor>
<lineWidth>1</lineWidth>
<points>
<point x="380" y="760"/>
<point x="444" y="759"/>
</points>
</Connector>
<Connector class="oracle.dbtools.crest.swingui.logical.TVRelation" oid="B7365212-A4BC-B20D-CE45-034C059AE97D" otype="Relation" vid_source="CE4D365D-441A-1EEC-77DD-C62D852CAB76" vid_target="D7401CD4-8559-0364-54F7-4CBEDC02DED1">
<hideElementsInCurrentOnly>false</hideElementsInCurrentOnly>
<backgroundColor>-16777216</backgroundColor>
<lineWidth>1</lineWidth>
<points>
<point x="1845" y="600"/>
<point x="1845" y="673"/>
</points>
</Connector>
<Connector class="oracle.dbtools.crest.swingui.logical.TVRelation" oid="BCA0FFAD-4872-E612-AFA7-DEE591D63E90" otype="Relation" vid_source="F994B57D-A754-4FBB-D147-CFD339A4CF6F" vid_target="F8C60D2C-CE6C-D5C3-2DF4-492F71874D2D">
<hideElementsInCurrentOnly>false</hideElementsInCurrentOnly>
<backgroundColor>-16777216</backgroundColor>
<lineWidth>1</lineWidth>
<points>
<point x="1113" y="368"/>
<point x="1113" y="304"/>
</points>
</Connector>
<Connector class="oracle.dbtools.crest.swingui.logical.TVRelation" oid="C20FAF7E-A46A-0961-8F74-8C86F185CA02" otype="Relation" vid_source="F994B57D-A754-4FBB-D147-CFD339A4CF6F" vid_target="D1C1C8AC-DC24-1E8E-817E-EF88B910126E">
<hideElementsInCurrentOnly>false</hideElementsInCurrentOnly>
<backgroundColor>-16777216</backgroundColor>
<lineWidth>1</lineWidth>
<points>
<point x="1201" y="499"/>
<point x="1254" y="499"/>
</points>
</Connector>
<Connector class="oracle.dbtools.crest.swingui.logical.TVRelation" oid="C5396065-2053-4203-A270-09D78A4A3B52" otype="Relation" vid_source="CE4D365D-441A-1EEC-77DD-C62D852CAB76" vid_target="D1C1C8AC-DC24-1E8E-817E-EF88B910126E">
<hideElementsInCurrentOnly>false</hideElementsInCurrentOnly>
<backgroundColor>-16777216</backgroundColor>
<lineWidth>1</lineWidth>
<points>
<point x="1681" y="488"/>
<point x="1579" y="488"/>
</points>
</Connector>
<Connector class="oracle.dbtools.crest.swingui.logical.TVRelation" oid="C8D54C70-FB4A-C6E5-8328-6BDE64AE778A" otype="Relation" vid_source="C6EA5EB3-0490-281F-FB19-6F0AAADA096B" vid_target="C6EA5EB3-0490-281F-FB19-6F0AAADA096B">
<hideElementsInCurrentOnly>false</hideElementsInCurrentOnly>
<backgroundColor>-16777216</backgroundColor>
<lineWidth>1</lineWidth>
<points>
<point x="1569" y="909"/>
<point x="1583" y="909"/>
<point x="1584" y="854"/>
<point x="1582" y="853"/>
<point x="1569" y="853"/>
</points>
</Connector>
<Connector class="oracle.dbtools.crest.swingui.logical.TVRelation" oid="DC013220-ABD8-F4DB-BC1A-B5792E3B8249" otype="Relation" vid_source="7417CA13-DB70-62AA-0E92-635BE394E7AB" vid_target="04475925-3D05-D08D-5ED2-01A55D9E44FC">
<hideElementsInCurrentOnly>false</hideElementsInCurrentOnly>
<backgroundColor>-16777216</backgroundColor>
<lineWidth>1</lineWidth>
<points>
<point x="1578" y="53"/>
<point x="1674" y="53"/>
</points>
</Connector>
<Connector class="oracle.dbtools.crest.swingui.logical.TVRelation" oid="E87DFEFB-01DD-85F3-95A8-1E315EB8A4C5" otype="Relation" vid_source="A64BBA44-94CC-93F8-895C-35BFBBBB0394" vid_target="C6EA5EB3-0490-281F-FB19-6F0AAADA096B">
<hideElementsInCurrentOnly>false</hideElementsInCurrentOnly>
<backgroundColor>-16777216</backgroundColor>
<lineWidth>1</lineWidth>
<points>
<point x="1679" y="974"/>
<point x="1569" y="974"/>
</points>
</Connector>
<Connector class="oracle.dbtools.crest.swingui.logical.TVRelation" oid="ED9C2BA7-AE4C-ED05-3078-AFB5D036A0E1" otype="Relation" vid_source="F994B57D-A754-4FBB-D147-CFD339A4CF6F" vid_target="30953F31-35A5-6637-092A-D6B60E6CCD0F">
<hideElementsInCurrentOnly>false</hideElementsInCurrentOnly>
<backgroundColor>-16777216</backgroundColor>
<lineWidth>1</lineWidth>
<points>
<point x="930" y="368"/>
<point x="930" y="302"/>
</points>
</Connector>
</connectors>
<arcs>
<Arc class="oracle.dbtools.crest.swingui.logical.TVArc" oid="08018085-962B-6CA6-ECE9-1BB30F4758FA" otype="Arc" vid="A234F05A-AB46-856D-DA7D-79280DA6BF8E">
<hideElementsInCurrentOnly>false</hideElementsInCurrentOnly>
<bounds x="868" y="348" width="353" height="271"/>
</Arc>
</arcs>
</Diagram>