<?xml version = '1.0' encoding = 'UTF-8'?>
<FKIndexAssociation class="oracle.dbtools.crest.model.design.relational.FKIndexAssociation" directorySegmentName="seg_0" id="6A70E11E-2F9B-C184-D9A4-3246F0B4C0DD" containerWithKeyObject="07A77A55-CE36-8E78-D975-56AE32DD5E37" localFKIndex="C7982584-08F8-5DF0-4A9F-043CD33B2C01" name="FK_MC_CIDADE_ESTADO">
<createdBy>salviop</createdBy>
<createdTime>2013-06-21 11:04:26 UTC</createdTime>
<ownerDesignName>SGV_Melhores_Compras</ownerDesignName>
<referredTableLongName>MC_ESTADO</referredTableLongName>
<deleteRule>RESTRICT</deleteRule>
<referredTableID>DB5BED7F-2AEF-7CEF-DFC4-5E620099C699</referredTableID>
<keyObject>B6CC7716-49FC-274F-E4DF-442A16BFD800</keyObject>
<referredKeyID>B6CC7716-49FC-274F-E4DF-442A16BFD800</referredKeyID>
<mandatory>true</mandatory>
<refColNames>SG_ESTADO</refColNames>
<transferable>true</transferable>
<rely>false</rely>
<columnDependencyConstraintGenerateInDDL>false</columnDependencyConstraintGenerateInDDL>
</FKIndexAssociation>