<?xml version = '1.0' encoding = 'UTF-8'?>
<Arc class="oracle.dbtools.crest.model.design.logical.Arc" directorySegmentName="seg_0" id="08018085-962B-6CA6-ECE9-1BB30F4758FA" name="FK_ARCO_CLI_FISICA_JURIDICA">
<createdBy>Gustavo Padlipskas</createdBy>
<createdTime>2022-02-15 21:50:24 UTC</createdTime>
<ownerDesignName>SGV_Melhores_Compras</ownerDesignName>
<engineerTo>
<item key="D3EA570C-CF09-A95D-0250-B56D1592D2C8" value="true"/>
</engineerTo>
<entity>5B44120A-DACC-A512-76A1-E40C28EBF8D3</entity>
<relations>
<relationID>BCA0FFAD-4872-E612-AFA7-DEE591D63E90</relationID>
<relationID>ED9C2BA7-AE4C-ED05-3078-AFB5D036A0E1</relationID>
</relations>
</Arc>