<?xml version = '1.0' encoding = 'UTF-8'?>
<Table class="oracle.dbtools.crest.model.design.relational.Table" directorySegmentName="seg_0" id="09BF5BEA-E4F6-2CAC-2D9F-A77222403602" name="T_MC_DEPTO">
<createdBy>salviop</createdBy>
<createdTime>2013-01-03 21:44:39 UTC</createdTime>
<ownerDesignName>SGV_Melhores_Compras</ownerDesignName>
<ordsAlias>kd_depto</ordsAlias>
<allowColumnReorder>false</allowColumnReorder>
<parsed>true</parsed>
<columns itemClass="oracle.dbtools.crest.model.design.relational.Column">
<Column name="CD_DEPTO" id="E8039C47-B236-3C3A-A0DF-33D17B2C3CF9">
<createdBy>salviop</createdBy>
<createdTime>2013-01-03 21:45:07 UTC</createdTime>
<comment><![CDATA[Esta coluna irá receber o codigo do departamento  e seu conteúdo é obrigatório.]]></comment>
<commentInRDBMS><![CDATA[Esta coluna irá receber o codigo do departamento  e seu conteúdo é obrigatório.]]></commentInRDBMS>
<ownerDesignName>SGV_Melhores_Compras</ownerDesignName>
<useDomainConstraints>false</useDomainConstraints>
<use>1</use>
<logicalDatatype>LOGDT019</logicalDatatype>
<dataTypePrecision>3</dataTypePrecision>
<ownDataTypeParameters>,3,</ownDataTypeParameters>
</Column>
<Column name="NM_DEPTO" id="27F29CD9-2B20-9300-6B7A-064098A56B24">
<createdBy>salviop</createdBy>
<createdTime>2013-01-03 21:45:07 UTC</createdTime>
<comment><![CDATA[Esta coluna irá receber o nome do  departamento  e seu conteúdo é obrigatório.]]></comment>
<commentInRDBMS><![CDATA[Esta coluna irá receber o nome do  departamento  e seu conteúdo é obrigatório.]]></commentInRDBMS>
<ownerDesignName>SGV_Melhores_Compras</ownerDesignName>
<useDomainConstraints>false</useDomainConstraints>
<use>1</use>
<logicalDatatype>LOGDT024</logicalDatatype>
<dataTypeSize>100</dataTypeSize>
<ownDataTypeParameters>100,,</ownDataTypeParameters>
</Column>
<Column name="ST_DEPTO" id="9E35BA4E-7D2E-3CD8-54B9-E6A678A3EDE8">
<createdBy>Gustavo Padlipskas</createdBy>
<createdTime>2021-09-21 21:10:23 UTC</createdTime>
<comment><![CDATA[Esta coluna irá receber o status do  departamento  e seu conteúdo é obrigatório. Os valores possíveis são: (A)tivo e (I)nativo.]]></comment>
<commentInRDBMS><![CDATA[Esta coluna irá receber o status do  departamento  e seu conteúdo é obrigatório. Os valores possíveis são: (A)tivo e (I)nativo.]]></commentInRDBMS>
<ownerDesignName>SGV_Melhores_Compras</ownerDesignName>
<useDomainConstraints>false</useDomainConstraints>
<use>1</use>
<logicalDatatype>LOGDT025</logicalDatatype>
<dataTypeSize>1</dataTypeSize>
<ownDataTypeParameters>1,,</ownDataTypeParameters>
<autoIncrementCycle>false</autoIncrementCycle>
</Column>
</columns>
<indexes itemClass="oracle.dbtools.crest.model.design.relational.Index">
<ind_PK_UK id="18061CA5-9C6B-78D3-90B7-7F5EC214B9D5" name="PK_MC_DEPTO">
<createdBy>salviop</createdBy>
<createdTime>2013-01-03 21:45:07 UTC</createdTime>
<ownerDesignName>SGV_Melhores_Compras</ownerDesignName>
<pk>true</pk>
<indexState>Primary Constraint</indexState>
<indexColumnUsage>
<colUsage columnID="E8039C47-B236-3C3A-A0DF-33D17B2C3CF9"/>
</indexColumnUsage>
</ind_PK_UK>
</indexes>
</Table>