<?xml version = '1.0' encoding = 'UTF-8'?>
<Table class="oracle.dbtools.crest.model.design.relational.Table" directorySegmentName="seg_0" id="6EAECA94-FFFC-0CF5-AD7B-BE26D785E934" name="T_MC_SGV_SAC">
<createdBy>Gustavo Padlipskas</createdBy>
<createdTime>2021-10-08 16:36:05 UTC</createdTime>
<ownerDesignName>SGV_Melhores_Compras</ownerDesignName>
<ordsAlias>kd_cli_fisica</ordsAlias>
<allowColumnReorder>false</allowColumnReorder>
<parsed>true</parsed>
<columns itemClass="oracle.dbtools.crest.model.design.relational.Column">
<Column name="NR_SAC" id="ACC2AA78-7571-5642-14AC-B4576325EBBF">
<createdBy>Gustavo Padlipskas</createdBy>
<createdTime>2021-10-08 16:36:05 UTC</createdTime>
<comment><![CDATA[Essa coluna irá armazenar a chave primária da tabela de SAC de vídeo  da Melhorees Compras. A cada SAC cadastrado pelo cliente será acionada a Sequence  SQ_MC_SGV_SAC que se encarregará de gerar o próximo número único do chamado SAC feito pelo Cliente.]]></comment>
<commentInRDBMS><![CDATA[Essa coluna irá armazenar a chave primária da tabela de SAC de vídeo  da Melhorees Compras. A cada SAC cadastrado pelo cliente será acionada a Sequence  SQ_MC_SGV_SAC que se encarregará de gerar o próximo número único do chamado SAC feito pelo Cliente.]]></commentInRDBMS>
<ownerDesignName>SGV_Melhores_Compras</ownerDesignName>
<useDomainConstraints>false</useDomainConstraints>
<use>1</use>
<logicalDatatype>LOGDT019</logicalDatatype>
<ownDataTypeParameters>,,</ownDataTypeParameters>
<previousColumn>false</previousColumn>
</Column>
<Column name="NR_CLIENTE" id="09A233D4-7A11-519D-B0B1-F2A49480F0E7">
<createdBy>Gustavo Padlipskas</createdBy>
<createdTime>2021-12-20 14:23:15 UTC</createdTime>
<comment><![CDATA[Essa coluna irá armazenar o código único do cliente na plataforma ecommerce da Melhores Compras.Seu conteúdo deve ser obrigatório, único e preenhcido a  parrtir da tabela NC_CLIENTE. ]]></comment>
<commentInRDBMS><![CDATA[Essa coluna irá armazenar o código único do cliente na plataforma ecommerce da Melhores Compras.Seu conteúdo deve ser obrigatório, único e preenhcido a  parrtir da tabela NC_CLIENTE. ]]></commentInRDBMS>
<ownerDesignName>SGV_Melhores_Compras</ownerDesignName>
<useDomainConstraints>false</useDomainConstraints>
<use>1</use>
<logicalDatatype>LOGDT019</logicalDatatype>
<dataTypePrecision>10</dataTypePrecision>
<ownDataTypeParameters>,,</ownDataTypeParameters>
<previousColumn>false</previousColumn>
<autoIncrementCycle>false</autoIncrementCycle>
<associations>
<colAssociation fkAssociation="B308ED99-61A2-F694-ECBE-78D8E8877181" referredColumn="A0AE6625-F1C4-40D5-0C78-0D4E4450D37E"/>
</associations>
</Column>
<Column name="CD_PRODUTO" id="1F13CC79-7AEE-D280-0FF0-1EC8842CCA53">
<createdBy>Gustavo Padlipskas</createdBy>
<createdTime>2021-12-20 14:09:02 UTC</createdTime>
<comment><![CDATA[Essa coluna irá armazenar a chave primária da tabela de produtos da Melhorees Compras. A cada produto cadastrado será acionada a Sequence  SQ_MC_PRODUTO que se encarregará de gerar o próximo número único do produto.]]></comment>
<commentInRDBMS><![CDATA[Essa coluna irá armazenar a chave primária da tabela de produtos da Melhorees Compras. A cada produto cadastrado será acionada a Sequence  SQ_MC_PRODUTO que se encarregará de gerar o próximo número único do produto.]]></commentInRDBMS>
<ownerDesignName>SGV_Melhores_Compras</ownerDesignName>
<useDomainConstraints>false</useDomainConstraints>
<use>1</use>
<logicalDatatype>LOGDT019</logicalDatatype>
<dataTypePrecision>10</dataTypePrecision>
<ownDataTypeParameters>,,</ownDataTypeParameters>
<previousColumn>false</previousColumn>
<autoIncrementCycle>false</autoIncrementCycle>
<associations>
<colAssociation fkAssociation="C3B760A4-7F59-DB16-9484-93D74A01A02D" referredColumn="7C5C6ED1-7E54-30C0-CE0F-68E16D66953D"/>
</associations>
</Column>
<Column name="CD_FUNCIONARIO" id="9B1C10A8-AE8A-B55A-7111-8A418BE32418">
<createdBy>Gustavo Padlipskas</createdBy>
<createdTime>2021-12-20 14:23:52 UTC</createdTime>
<comment><![CDATA[Esta coluna irá receber o codigo do funcionário e seu conteúdo é obrigatório.]]></comment>
<commentInRDBMS><![CDATA[Esta coluna irá receber o codigo do funcionário e seu conteúdo é obrigatório.]]></commentInRDBMS>
<ownerDesignName>SGV_Melhores_Compras</ownerDesignName>
<nullsAllowed>true</nullsAllowed>
<useDomainConstraints>false</useDomainConstraints>
<use>1</use>
<logicalDatatype>LOGDT019</logicalDatatype>
<dataTypePrecision>10</dataTypePrecision>
<ownDataTypeParameters>,,</ownDataTypeParameters>
<previousColumn>false</previousColumn>
<autoIncrementCycle>false</autoIncrementCycle>
<associations>
<colAssociation fkAssociation="1B125AD9-55EC-E136-0B2B-C47EC551987A" referredColumn="3DA8680F-5172-3456-F7D5-262850D25EFC"/>
</associations>
</Column>
<Column name="DS_DETALHADA_SAC" id="BB4F13AC-3E6A-A0A4-BA4B-91F3470D600C">
<createdBy>Gustavo Padlipskas</createdBy>
<createdTime>2021-10-08 16:36:05 UTC</createdTime>
<comment><![CDATA[Essa coluna  irá  receber a descrição completa do SAC aberto pelo cliente. Seu conteudo deve ser obrigatório.]]></comment>
<commentInRDBMS><![CDATA[Essa coluna  irá  receber a descrição completa do SAC aberto pelo cliente. Seu conteudo deve ser obrigatório.]]></commentInRDBMS>
<ownerDesignName>SGV_Melhores_Compras</ownerDesignName>
<nullsAllowed>true</nullsAllowed>
<useDomainConstraints>false</useDomainConstraints>
<use>1</use>
<logicalDatatype>LOGDT028</logicalDatatype>
<ownDataTypeParameters>,,</ownDataTypeParameters>
</Column>
<Column name="DT_ABERTURA_SAC" id="F7D69A86-C801-03A8-F870-79FAD9A0D89E">
<createdBy>Gustavo Padlipskas</createdBy>
<createdTime>2021-12-20 13:49:37 UTC</createdTime>
<comment><![CDATA[Essa coluna  irá  receber a data e horário do SAC aberto pelo cliente. Seu conteudo deve ser obrigatório.]]></comment>
<commentInRDBMS><![CDATA[Essa coluna  irá  receber a data e horário do SAC aberto pelo cliente. Seu conteudo deve ser obrigatório.]]></commentInRDBMS>
<ownerDesignName>SGV_Melhores_Compras</ownerDesignName>
<nullsAllowed>true</nullsAllowed>
<useDomainConstraints>false</useDomainConstraints>
<use>1</use>
<logicalDatatype>LOGDT007</logicalDatatype>
<ownDataTypeParameters>,,</ownDataTypeParameters>
<autoIncrementCycle>false</autoIncrementCycle>
</Column>
<Column name="HR_ABERTURA_SAC" id="834ABEFD-BF26-00D8-F3C2-D3570CBDB66E">
<createdBy>Gustavo Padlipskas</createdBy>
<createdTime>2021-12-20 14:00:35 UTC</createdTime>
<comment><![CDATA[Essa coluna  irá  receber a hora do SAC aberto pelo cliente. Seu conteudo deve ser obrigatório.]]></comment>
<commentInRDBMS><![CDATA[Essa coluna  irá  receber a hora do SAC aberto pelo cliente. Seu conteudo deve ser obrigatório.]]></commentInRDBMS>
<ownerDesignName>SGV_Melhores_Compras</ownerDesignName>
<nullsAllowed>true</nullsAllowed>
<useDomainConstraints>false</useDomainConstraints>
<use>1</use>
<logicalDatatype>LOGDT019</logicalDatatype>
<dataTypePrecision>2</dataTypePrecision>
<ownDataTypeParameters>,2,</ownDataTypeParameters>
<autoIncrementCycle>false</autoIncrementCycle>
</Column>
<Column name="DT_ATENDIMENTO" id="00F3FFE8-16F6-2655-5C0C-081240B7182C">
<createdBy>Gustavo Padlipskas</createdBy>
<createdTime>2021-12-20 14:00:35 UTC</createdTime>
<comment><![CDATA[Essa coluna  irá  receber a data e horário do atendmiento SAC feita pelo funcionário da Melhores Compras. Seu conteudo deve ser opcional.]]></comment>
<commentInRDBMS><![CDATA[Essa coluna  irá  receber a data e horário do atendmiento SAC feita pelo funcionário da Melhores Compras. Seu conteudo deve ser opcional..]]></commentInRDBMS>
<ownerDesignName>SGV_Melhores_Compras</ownerDesignName>
<nullsAllowed>true</nullsAllowed>
<useDomainConstraints>false</useDomainConstraints>
<use>1</use>
<logicalDatatype>LOGDT007</logicalDatatype>
<ownDataTypeParameters>,,</ownDataTypeParameters>
<autoIncrementCycle>false</autoIncrementCycle>
</Column>
<Column name="HR_ATENDIMENTO_SAC" id="8F5D878A-6433-861D-A16B-20EFC958BA80">
<createdBy>Gustavo Padlipskas</createdBy>
<createdTime>2021-12-20 14:00:35 UTC</createdTime>
<comment><![CDATA[Essa coluna  irá  receber a hora do SAC do atendimento  feito  pelo funcionario da Melhores Compras. Seu conteudo deve ser opcional.]]></comment>
<commentInRDBMS><![CDATA[Essa coluna  irá  receber a hora do SAC do atendimento  feito  pelo funcionario da Melhores Compras. Seu conteudo deve ser opcional.]]></commentInRDBMS>
<ownerDesignName>SGV_Melhores_Compras</ownerDesignName>
<nullsAllowed>true</nullsAllowed>
<useDomainConstraints>false</useDomainConstraints>
<use>1</use>
<logicalDatatype>LOGDT019</logicalDatatype>
<dataTypePrecision>2</dataTypePrecision>
<ownDataTypeParameters>,2,</ownDataTypeParameters>
<autoIncrementCycle>false</autoIncrementCycle>
</Column>
<Column name="NR_TEMPO_TOTAL_SAC" id="3DC396B8-B6D0-F664-58DB-AE49F03180CF">
<createdBy>Gustavo Padlipskas</createdBy>
<createdTime>2021-12-20 14:05:04 UTC</createdTime>
<comment><![CDATA[Essa coluna  irá  receber o tempo total em horas  (HH24) computado desde a abertura até a conclusão dele. A unidade de medida é horas, ou seja, em quantas horas o chamado foi concluído desde a sua abertura.]]></comment>
<commentInRDBMS><![CDATA[Essa coluna  irá  receber o tempo total em horas  (HH24) computado desde a abertura até a conclusão dele. A unidade de medida é horas, ou seja, em quantas horas o chamado foi concluído desde a sua abertura.]]></commentInRDBMS>
<ownerDesignName>SGV_Melhores_Compras</ownerDesignName>
<nullsAllowed>true</nullsAllowed>
<useDomainConstraints>false</useDomainConstraints>
<use>1</use>
<logicalDatatype>LOGDT019</logicalDatatype>
<dataTypePrecision>10</dataTypePrecision>
<ownDataTypeParameters>,10,</ownDataTypeParameters>
<autoIncrementCycle>false</autoIncrementCycle>
</Column>
<Column name="DS_DETALHADA_RETORNO_SAC" id="EB520E79-BD3C-B48C-A9BB-DE51CFDE79B4">
<createdBy>Gustavo Padlipskas</createdBy>
<createdTime>2021-12-20 14:10:53 UTC</createdTime>
<comment><![CDATA[Essa coluna  irá  receber a descrição detalhada do retorno feito pelo funcionário a partir da solicitação do cliente. Seu conteúdo deve ser opcional e preenchido pelo funcionário..]]></comment>
<commentInRDBMS><![CDATA[Essa coluna  irá  receber a descrição detalhada do retorno feito pelo funcionário a partir da solicitação do cliente. Seu conteúdo deve ser opcional e preenchido pelo funcionário.]]></commentInRDBMS>
<ownerDesignName>SGV_Melhores_Compras</ownerDesignName>
<nullsAllowed>true</nullsAllowed>
<useDomainConstraints>false</useDomainConstraints>
<use>1</use>
<logicalDatatype>LOGDT028</logicalDatatype>
<ownDataTypeParameters>,,</ownDataTypeParameters>
<autoIncrementCycle>false</autoIncrementCycle>
</Column>
<Column name="TP_SAC" id="DAD7689D-BC9D-0E87-A288-8F3B277B6B29">
<createdBy>Gustavo Padlipskas</createdBy>
<createdTime>2021-10-08 16:36:05 UTC</createdTime>
<comment><![CDATA[Essa coluna  irá  receber o TIPO  do chamado SAC aberto pelo cliente.  Seu conteúdo deve ser  obrigatório e os possíveis valores são: (S)ugestão; (R)eclamação;  (D)úvida ou  (E)logio.]]></comment>
<commentInRDBMS><![CDATA[Essa coluna  irá  receber o TIPO  do chamado SAC aberto pelo cliente.  Seu conteúdo deve ser  obrigatório e os possíveis valores são: (S)ugestão; (D)úvida ou  (E)logio.]]></commentInRDBMS>
<ownerDesignName>SGV_Melhores_Compras</ownerDesignName>
<useDomainConstraints>false</useDomainConstraints>
<use>1</use>
<logicalDatatype>LOGDT025</logicalDatatype>
<dataTypeSize>1</dataTypeSize>
<ownDataTypeParameters>1,,</ownDataTypeParameters>
</Column>
<Column name="ST_SAC" id="3F5E44DB-3C93-61FE-A09F-2829DD3E6358">
<createdBy>Gustavo Padlipskas</createdBy>
<createdTime>2021-12-20 14:03:50 UTC</createdTime>
<comment><![CDATA[Essa coluna  irá  receber o STATUS  do chamado SAC aberto pelo cliente.  Seu conteúdo deve ser  obrigatório e os possíveis valores são: (E)m Atendimento; (C)ancelado; (F)echado ou (X)Fechado com Insatisfação do cliente.]]></comment>
<commentInRDBMS><![CDATA[Essa coluna  irá  receber o STATUS  do chamado SAC aberto pelo cliente.  Seu conteúdo deve ser  obrigatório e os possíveis valores são: (E)m Atendimento; (C)ancelado; (F)echado ou (X)Fechado com Insatisfação do cliente.]]></commentInRDBMS>
<ownerDesignName>SGV_Melhores_Compras</ownerDesignName>
<nullsAllowed>true</nullsAllowed>
<useDomainConstraints>false</useDomainConstraints>
<use>1</use>
<logicalDatatype>LOGDT025</logicalDatatype>
<dataTypeSize>1</dataTypeSize>
<ownDataTypeParameters>1,,</ownDataTypeParameters>
<autoIncrementCycle>false</autoIncrementCycle>
</Column>
<Column name="NR_INDICE_SATISFACAO" id="7A7FFBE6-5B17-1D87-7EBC-5C1DD8E94F8C">
<createdBy>Gustavo Padlipskas</createdBy>
<createdTime>2021-12-20 14:06:46 UTC</createdTime>
<comment><![CDATA[Essa coluna  irá  receber o índice de satisfação, , computado como um valor simples de 1 a 10, onde 1 refere-se ao cliente menos satisfeito e 10 o cliente mais satisfeito. Esse índice de satisfação é opcional e informado pelo cliente ao final do atendimento.]]></comment>
<commentInRDBMS><![CDATA[Essa coluna  irá  receber o índice de satisfação, , computado como um valor simples de 1 a 10, onde 1 refere-se ao cliente menos satisfeito e 10 o cliente mais satisfeito. Esse índice de satisfação é opcional e informado pelo cliente ao final do atendimento.]]></commentInRDBMS>
<ownerDesignName>SGV_Melhores_Compras</ownerDesignName>
<nullsAllowed>true</nullsAllowed>
<useDomainConstraints>false</useDomainConstraints>
<use>1</use>
<logicalDatatype>LOGDT019</logicalDatatype>
<dataTypePrecision>2</dataTypePrecision>
<ownDataTypeParameters>,2,</ownDataTypeParameters>
<autoIncrementCycle>false</autoIncrementCycle>
</Column>
</columns>
<indexes itemClass="oracle.dbtools.crest.model.design.relational.Index">
<ind_PK_UK id="3654E18C-26BA-76CA-D1E3-FEB689A1B67A" name="PK_MC_SGV_SAC">
<createdBy>Gustavo Padlipskas</createdBy>
<createdTime>2021-10-08 16:36:05 UTC</createdTime>
<ownerDesignName>SGV_Melhores_Compras</ownerDesignName>
<pk>true</pk>
<indexState>Primary Constraint</indexState>
<indexColumnUsage>
<colUsage columnID="ACC2AA78-7571-5642-14AC-B4576325EBBF"/>
</indexColumnUsage>
</ind_PK_UK>
<ind_PK_UK id="E8713BB1-8AF4-2929-5249-6ADB5427D002" name="FK_MC_PRODUTO_SGV_SAC">
<createdBy>Gustavo Padlipskas</createdBy>
<createdTime>2021-12-20 14:09:02 UTC</createdTime>
<ownerDesignName>SGV_Melhores_Compras</ownerDesignName>
<indexState>Foreign Key</indexState>
<isSurrogateKey>false</isSurrogateKey>
<indexColumnUsage>
<colUsage columnID="1F13CC79-7AEE-D280-0FF0-1EC8842CCA53"/>
</indexColumnUsage>
</ind_PK_UK>
<ind_PK_UK id="D31AD881-B516-1867-5B57-E1B2F7CE0D29" name="FK_MC_CLIENTE_SGV_SAC">
<createdBy>Gustavo Padlipskas</createdBy>
<createdTime>2021-12-20 14:23:15 UTC</createdTime>
<ownerDesignName>SGV_Melhores_Compras</ownerDesignName>
<indexState>Foreign Key</indexState>
<isSurrogateKey>false</isSurrogateKey>
<indexColumnUsage>
<colUsage columnID="09A233D4-7A11-519D-B0B1-F2A49480F0E7"/>
</indexColumnUsage>
</ind_PK_UK>
<ind_PK_UK id="0DCAC221-68DD-EDA3-DBBD-5325B46622F5" name="FK_MC_FUNCIONARIO_SGV_SAC">
<createdBy>Gustavo Padlipskas</createdBy>
<createdTime>2021-12-20 14:23:52 UTC</createdTime>
<ownerDesignName>SGV_Melhores_Compras</ownerDesignName>
<indexState>Foreign Key</indexState>
<isSurrogateKey>false</isSurrogateKey>
<indexColumnUsage>
<colUsage columnID="9B1C10A8-AE8A-B55A-7111-8A418BE32418"/>
</indexColumnUsage>
</ind_PK_UK>
</indexes>
</Table>