<?xml version = '1.0' encoding = 'UTF-8'?>
<Table class="oracle.dbtools.crest.model.design.relational.Table" directorySegmentName="seg_0" id="8F74FFBE-B788-8FC3-51DC-3EDFC10258D8" name="T_MC_LOGRADOURO">
<createdBy>salviop</createdBy>
<createdTime>2013-06-20 00:45:19 UTC</createdTime>
<ownerDesignName>SGV_Melhores_Compras</ownerDesignName>
<ordsAlias>kd_logradouro</ordsAlias>
<parsed>true</parsed>
<columns itemClass="oracle.dbtools.crest.model.design.relational.Column">
<Column name="CD_LOGRADOURO" id="51EAD6C8-13E9-822F-A496-BA3F45BB445A">
<createdBy>salviop</createdBy>
<createdTime>2013-06-20 00:47:34 UTC</createdTime>
<comment><![CDATA[Esta coluna irá receber o código do logradouro e seu conteúdo é obrigatório.]]></comment>
<commentInRDBMS><![CDATA[Esta coluna irá receber o código do logradouro e seu conteúdo é obrigatório.]]></commentInRDBMS>
<ownerDesignName>SGV_Melhores_Compras</ownerDesignName>
<useDomainConstraints>false</useDomainConstraints>
<use>1</use>
<logicalDatatype>LOGDT019</logicalDatatype>
<dataTypePrecision>10</dataTypePrecision>
<ownDataTypeParameters>,10,</ownDataTypeParameters>
</Column>
<Column name="CD_BAIRRO" id="01302FF4-A778-B502-2F58-B005BA54DEBC">
<createdBy>salviop</createdBy>
<createdTime>2013-06-21 11:06:23 UTC</createdTime>
<comment><![CDATA[Esta coluna irá receber o codigo do bairro e seu conteúdo é obrigatório.]]></comment>
<commentInRDBMS><![CDATA[Esta coluna irá receber o codigo do bairro e seu conteúdo é obrigatório.]]></commentInRDBMS>
<ownerDesignName>SGV_Melhores_Compras</ownerDesignName>
<useDomainConstraints>false</useDomainConstraints>
<use>1</use>
<logicalDatatype>LOGDT019</logicalDatatype>
<dataTypePrecision>8</dataTypePrecision>
<ownDataTypeParameters>,,</ownDataTypeParameters>
<previousColumn>false</previousColumn>
<associations>
<colAssociation fkAssociation="ACC2F952-7406-A664-6457-A787DE92EC00" referredColumn="05E6E2FF-C874-436C-D326-E6FA9643E8A4"/>
</associations>
</Column>
<Column name="NM_LOGRADOURO" id="EF3D0E50-426B-3A52-61EA-199102161A1B">
<createdBy>salviop</createdBy>
<createdTime>2013-06-20 00:47:34 UTC</createdTime>
<comment><![CDATA[Esta coluna irá receber o nome do logradouro e seu conteúdo é obrigatório.]]></comment>
<commentInRDBMS><![CDATA[Esta coluna irá receber o nome do logradouro e seu conteúdo é obrigatório.]]></commentInRDBMS>
<ownerDesignName>SGV_Melhores_Compras</ownerDesignName>
<useDomainConstraints>false</useDomainConstraints>
<use>1</use>
<logicalDatatype>LOGDT024</logicalDatatype>
<dataTypeSize>160</dataTypeSize>
<ownDataTypeParameters>160,,</ownDataTypeParameters>
</Column>
<Column name="NR_CEP" id="45D13374-FBBC-5414-3AC3-5F24FDFF6364">
<createdBy>salviop</createdBy>
<createdTime>2013-06-20 00:47:34 UTC</createdTime>
<comment><![CDATA[Esta coluna irá receber o numero do CEP do Logradouro e seu conteúdo é obrigatório.]]></comment>
<commentInRDBMS><![CDATA[Esta coluna irá receber o numero do CEP do Logradouro e seu conteúdo é obrigatório.]]></commentInRDBMS>
<ownerDesignName>SGV_Melhores_Compras</ownerDesignName>
<nullsAllowed>true</nullsAllowed>
<useDomainConstraints>false</useDomainConstraints>
<use>1</use>
<logicalDatatype>LOGDT019</logicalDatatype>
<dataTypePrecision>8</dataTypePrecision>
<ownDataTypeParameters>,8,</ownDataTypeParameters>
</Column>
</columns>
<indexes itemClass="oracle.dbtools.crest.model.design.relational.Index">
<ind_PK_UK id="E3EBD966-11D8-EF12-7903-1F170D9B066D" name="PK_MC_LOGRADOURO">
<createdBy>salviop</createdBy>
<createdTime>2013-06-20 00:47:34 UTC</createdTime>
<ownerDesignName>SGV_Melhores_Compras</ownerDesignName>
<pk>true</pk>
<indexState>Primary Constraint</indexState>
<indexColumnUsage>
<colUsage columnID="51EAD6C8-13E9-822F-A496-BA3F45BB445A"/>
</indexColumnUsage>
</ind_PK_UK>
<ind_PK_UK id="50CCAAAB-6712-86F1-7489-4885B925F172" name="FK_MC_LOGRADOURO_BAIRRO">
<createdBy>salviop</createdBy>
<createdTime>2013-06-21 11:06:23 UTC</createdTime>
<ownerDesignName>SGV_Melhores_Compras</ownerDesignName>
<indexState>Foreign Key</indexState>
<indexColumnUsage>
<colUsage columnID="01302FF4-A778-B502-2F58-B005BA54DEBC"/>
</indexColumnUsage>
</ind_PK_UK>
</indexes>
</Table>