<?xml version = '1.0' encoding = 'UTF-8'?>
<Relation class="oracle.dbtools.crest.model.design.logical.Relation" name="FK_MC_FUNCIONARIO_SGV_SAC" directorySegmentName="seg_0" id="3A4615D7-C718-EADF-5BE1-DAB22CAC6755">
<createdBy>Gustavo Padlipskas</createdBy>
<createdTime>2022-02-15 21:50:24 UTC</createdTime>
<generatorID>1B125AD9-55EC-E136-0B2B-C47EC551987A</generatorID>
<ownerDesignName>SGV_Melhores_Compras</ownerDesignName>
<engineerTo>
<item key="D3EA570C-CF09-A95D-0250-B56D1592D2C8" value="true"/>
</engineerTo>
<useSurrogateKey>true</useSurrogateKey>
<identifying>false</identifying>
<optionalSource>true</optionalSource>
<optionalTarget>true</optionalTarget>
<sourceCardinality>1</sourceCardinality>
<sourceEntity>923AF2A0-4E0C-EA8F-76F7-B5168890BA2D</sourceEntity>
<targetCardinalityString>*</targetCardinalityString>
<targetEntity>385D799F-69FD-4FD6-718B-08C48B9B40C6</targetEntity>
<transferable>true</transferable>
<deleteRule>NO ACTION</deleteRule>
</Relation>