<?xml version = '1.0' encoding = 'UTF-8'?>
<Relation class="oracle.dbtools.crest.model.design.logical.Relation" name="FK_MC_CLIENTE_SGV_SAC" directorySegmentName="seg_0" id="436B09EA-8CA3-2FD7-A014-4A37B22B6983">
<createdBy>Gustavo Padlipskas</createdBy>
<createdTime>2022-02-15 21:50:24 UTC</createdTime>
<generatorID>B308ED99-61A2-F694-ECBE-78D8E8877181</generatorID>
<ownerDesignName>SGV_Melhores_Compras</ownerDesignName>
<engineerTo>
<item key="D3EA570C-CF09-A95D-0250-B56D1592D2C8" value="true"/>
</engineerTo>
<useSurrogateKey>true</useSurrogateKey>
<identifying>false</identifying>
<optionalSource>true</optionalSource>
<optionalTarget>false</optionalTarget>
<sourceCardinality>1</sourceCardinality>
<sourceEntity>5B44120A-DACC-A512-76A1-E40C28EBF8D3</sourceEntity>
<targetCardinalityString>*</targetCardinalityString>
<targetEntity>385D799F-69FD-4FD6-718B-08C48B9B40C6</targetEntity>
<transferable>true</transferable>
<deleteRule>NO ACTION</deleteRule>
</Relation>