<?xml version = '1.0' encoding = 'UTF-8'?>
<Relation class="oracle.dbtools.crest.model.design.logical.Relation" name="FK_MC_CATEGORIA_VIDEO" directorySegmentName="seg_0" id="4D288132-F20E-5C3D-03A4-F2074EBF46E3">
<createdBy>Gustavo Padlipskas</createdBy>
<createdTime>2022-02-15 21:50:24 UTC</createdTime>
<generatorID>5FFA2F13-80FB-A10B-B03E-33E7797AFDF1</generatorID>
<ownerDesignName>SGV_Melhores_Compras</ownerDesignName>
<engineerTo>
<item key="D3EA570C-CF09-A95D-0250-B56D1592D2C8" value="true"/>
</engineerTo>
<useSurrogateKey>true</useSurrogateKey>
<sourcePk>53226C84-EF77-982D-71D0-B69D85351551</sourcePk>
<targetPk>2E9D1C1F-48C5-00E5-F344-946AA79465D1</targetPk>
<identifying>false</identifying>
<optionalSource>true</optionalSource>
<optionalTarget>false</optionalTarget>
<sourceCardinality>1</sourceCardinality>
<sourceEntity>D4E8E350-66CE-9969-907A-18D790F0E1AC</sourceEntity>
<targetCardinalityString>*</targetCardinalityString>
<targetEntity>2F01A716-66F0-13FE-8D7F-A1C20526FA2B</targetEntity>
<transferable>true</transferable>
<deleteRule>NO ACTION</deleteRule>
</Relation>