<?xml version = '1.0' encoding = 'UTF-8'?>
<Relation class="oracle.dbtools.crest.model.design.logical.Relation" name="FK_MC_PRODUTO_IMAGEM" directorySegmentName="seg_0" id="560B18C1-9EB5-1A1D-61F5-7501AFBC2F6B">
<createdBy>Gustavo Padlipskas</createdBy>
<createdTime>2022-02-15 21:50:24 UTC</createdTime>
<generatorID>486939C0-81F8-3AF4-A9FA-626E4D106E58</generatorID>
<ownerDesignName>SGV_Melhores_Compras</ownerDesignName>
<engineerTo>
<item key="D3EA570C-CF09-A95D-0250-B56D1592D2C8" value="true"/>
</engineerTo>
<useSurrogateKey>true</useSurrogateKey>
<identifying>true</identifying>
<optionalSource>true</optionalSource>
<optionalTarget>false</optionalTarget>
<sourceCardinality>1</sourceCardinality>
<sourceEntity>BE06EF66-179E-9751-9CD6-7D0A10636C31</sourceEntity>
<targetCardinalityString>*</targetCardinalityString>
<targetEntity>2F01A716-66F0-13FE-8D7F-A1C20526FA2B</targetEntity>
<transferable>true</transferable>
</Relation>