<?xml version = '1.0' encoding = 'UTF-8'?>
<Relation class="oracle.dbtools.crest.model.design.logical.Relation" name="FK_MC_END_FUNC" directorySegmentName="seg_0" id="5707535F-DBEA-DC5A-6A24-1B0210CC2528">
<createdBy>Gustavo Padlipskas</createdBy>
<createdTime>2022-02-15 21:50:24 UTC</createdTime>
<generatorID>D012DCC6-B96A-1E96-CD06-593609E2A4EC</generatorID>
<ownerDesignName>SGV_Melhores_Compras</ownerDesignName>
<engineerTo>
<item key="D3EA570C-CF09-A95D-0250-B56D1592D2C8" value="true"/>
</engineerTo>
<useSurrogateKey>true</useSurrogateKey>
<identifying>true</identifying>
<optionalSource>true</optionalSource>
<optionalTarget>false</optionalTarget>
<sourceCardinality>1</sourceCardinality>
<sourceEntity>923AF2A0-4E0C-EA8F-76F7-B5168890BA2D</sourceEntity>
<targetCardinalityString>*</targetCardinalityString>
<targetEntity>6C0CBD07-A65D-0D3E-207B-BE8211DDB3A4</targetEntity>
<transferable>true</transferable>
</Relation>