<?xml version = '1.0' encoding = 'UTF-8'?>
<Relation class="oracle.dbtools.crest.model.design.logical.Relation" name="FK_MC_CLIENTE_VISUALIZ_VIDEO" directorySegmentName="seg_0" id="65690C4C-52E6-F3A0-2298-2D4937148927">
<createdBy>Gustavo Padlipskas</createdBy>
<createdTime>2022-02-15 21:50:24 UTC</createdTime>
<generatorID>3B043B45-8FF3-DEF3-E35B-FD6E58F38067</generatorID>
<ownerDesignName>SGV_Melhores_Compras</ownerDesignName>
<engineerTo>
<item key="D3EA570C-CF09-A95D-0250-B56D1592D2C8" value="true"/>
</engineerTo>
<useSurrogateKey>true</useSurrogateKey>
<identifying>false</identifying>
<optionalSource>true</optionalSource>
<optionalTarget>true</optionalTarget>
<sourceCardinality>1</sourceCardinality>
<sourceEntity>5B44120A-DACC-A512-76A1-E40C28EBF8D3</sourceEntity>
<targetCardinalityString>*</targetCardinalityString>
<targetEntity>D205C63D-AB1E-9922-193C-4CFAD111FF34</targetEntity>
<transferable>true</transferable>
<deleteRule>NO ACTION</deleteRule>
</Relation>