<?xml version = '1.0' encoding = 'UTF-8'?>
<Relation class="oracle.dbtools.crest.model.design.logical.Relation" name="FK_MC_PRODUTO_VISUALIZACAO" directorySegmentName="seg_0" id="6D289BFB-E66C-9523-A616-23FD5C7E20B6">
<createdBy>Gustavo Padlipskas</createdBy>
<createdTime>2022-02-15 21:50:24 UTC</createdTime>
<generatorID>3CF553E8-6881-FC42-A7AF-C478EB8036DA</generatorID>
<ownerDesignName>SGV_Melhores_Compras</ownerDesignName>
<engineerTo>
<item key="D3EA570C-CF09-A95D-0250-B56D1592D2C8" value="true"/>
</engineerTo>
<useSurrogateKey>true</useSurrogateKey>
<identifying>false</identifying>
<optionalSource>true</optionalSource>
<optionalTarget>false</optionalTarget>
<sourceCardinality>1</sourceCardinality>
<sourceEntity>BE06EF66-179E-9751-9CD6-7D0A10636C31</sourceEntity>
<targetCardinalityString>*</targetCardinalityString>
<targetEntity>D205C63D-AB1E-9922-193C-4CFAD111FF34</targetEntity>
<transferable>true</transferable>
<deleteRule>NO ACTION</deleteRule>
</Relation>