<?xml version = '1.0' encoding = 'UTF-8'?>
<Relation class="oracle.dbtools.crest.model.design.logical.Relation" name="FK_MC_PRODUTO_SGV_SAC" directorySegmentName="seg_0" id="ACF17F1F-4D0D-C55C-2CE9-2C627B1CACD3">
<createdBy>Gustavo Padlipskas</createdBy>
<createdTime>2022-02-15 21:50:24 UTC</createdTime>
<generatorID>C3B760A4-7F59-DB16-9484-93D74A01A02D</generatorID>
<ownerDesignName>SGV_Melhores_Compras</ownerDesignName>
<engineerTo>
<item key="D3EA570C-CF09-A95D-0250-B56D1592D2C8" value="true"/>
</engineerTo>
<useSurrogateKey>true</useSurrogateKey>
<identifying>false</identifying>
<optionalSource>true</optionalSource>
<optionalTarget>false</optionalTarget>
<sourceCardinality>1</sourceCardinality>
<sourceEntity>BE06EF66-179E-9751-9CD6-7D0A10636C31</sourceEntity>
<targetCardinalityString>*</targetCardinalityString>
<targetEntity>385D799F-69FD-4FD6-718B-08C48B9B40C6</targetEntity>
<transferable>true</transferable>
<deleteRule>NO ACTION</deleteRule>
</Relation>