<?xml version = '1.0' encoding = 'UTF-8'?>
<Relation class="oracle.dbtools.crest.model.design.logical.Relation" name="FK_MC_LOGRADOURO_BAIRRO" directorySegmentName="seg_0" id="AE4F31DD-6329-C8A0-1A2D-6B8C0EAFB64B">
<createdBy>Gustavo Padlipskas</createdBy>
<createdTime>2022-02-15 21:50:24 UTC</createdTime>
<generatorID>ACC2F952-7406-A664-6457-A787DE92EC00</generatorID>
<ownerDesignName>SGV_Melhores_Compras</ownerDesignName>
<engineerTo>
<item key="D3EA570C-CF09-A95D-0250-B56D1592D2C8" value="true"/>
</engineerTo>
<useSurrogateKey>true</useSurrogateKey>
<identifying>false</identifying>
<optionalSource>true</optionalSource>
<optionalTarget>false</optionalTarget>
<sourceCardinality>1</sourceCardinality>
<sourceEntity>649F3975-D34A-7276-EEFF-195682237C3D</sourceEntity>
<targetCardinalityString>*</targetCardinalityString>
<targetEntity>2BAD7865-535E-48EB-78FC-1058B137A326</targetEntity>
<transferable>true</transferable>
</Relation>