<?xml version = '1.0' encoding = 'UTF-8'?>
<Relation class="oracle.dbtools.crest.model.design.logical.Relation" name="FK_MC_BAIRRO_CIDADE" directorySegmentName="seg_0" id="AE92146B-532A-E9C3-66F0-969DAEE0CA07">
<createdBy>Gustavo Padlipskas</createdBy>
<createdTime>2022-02-15 21:50:24 UTC</createdTime>
<generatorID>2680C759-AE33-B8CA-3F4B-B5B21C8B658C</generatorID>
<ownerDesignName>SGV_Melhores_Compras</ownerDesignName>
<engineerTo>
<item key="D3EA570C-CF09-A95D-0250-B56D1592D2C8" value="true"/>
</engineerTo>
<useSurrogateKey>true</useSurrogateKey>
<identifying>false</identifying>
<optionalSource>true</optionalSource>
<optionalTarget>false</optionalTarget>
<sourceCardinality>1</sourceCardinality>
<sourceEntity>C0B9C36C-741B-5157-48C6-33C17F5CB2FF</sourceEntity>
<targetCardinalityString>*</targetCardinalityString>
<targetEntity>649F3975-D34A-7276-EEFF-195682237C3D</targetEntity>
<transferable>true</transferable>
</Relation>