<?xml version = '1.0' encoding = 'UTF-8'?>
<Relation class="oracle.dbtools.crest.model.design.logical.Relation" name="FK_MC_SUB_CATEGORIA_PROD" directorySegmentName="seg_0" id="B436E456-8582-9B4F-A951-C852326676C6">
<createdBy>Gustavo Padlipskas</createdBy>
<createdTime>2022-02-15 21:50:24 UTC</createdTime>
<generatorID>15A1ABAF-2D46-586B-F682-CA6AB7AD560B</generatorID>
<ownerDesignName>SGV_Melhores_Compras</ownerDesignName>
<engineerTo>
<item key="D3EA570C-CF09-A95D-0250-B56D1592D2C8" value="true"/>
</engineerTo>
<useSurrogateKey>true</useSurrogateKey>
<identifying>false</identifying>
<optionalSource>true</optionalSource>
<optionalTarget>false</optionalTarget>
<sourceCardinality>1</sourceCardinality>
<sourceEntity>D4E8E350-66CE-9969-907A-18D790F0E1AC</sourceEntity>
<targetCardinalityString>*</targetCardinalityString>
<targetEntity>BE06EF66-179E-9751-9CD6-7D0A10636C31</targetEntity>
<transferable>true</transferable>
<deleteRule>NO ACTION</deleteRule>
</Relation>