<?xml version = '1.0' encoding = 'UTF-8'?>
<Relation class="oracle.dbtools.crest.model.design.logical.Relation" name="FK_MC_END_FUNC_LOGRADOURO" directorySegmentName="seg_0" id="B7365212-A4BC-B20D-CE45-034C059AE97D">
<createdBy>Gustavo Padlipskas</createdBy>
<createdTime>2022-02-15 21:50:24 UTC</createdTime>
<generatorID>A8A8FA47-ED52-AE64-2F90-61813EC9F105</generatorID>
<ownerDesignName>SGV_Melhores_Compras</ownerDesignName>
<engineerTo>
<item key="D3EA570C-CF09-A95D-0250-B56D1592D2C8" value="true"/>
</engineerTo>
<useSurrogateKey>true</useSurrogateKey>
<identifying>true</identifying>
<optionalSource>true</optionalSource>
<optionalTarget>false</optionalTarget>
<sourceCardinality>1</sourceCardinality>
<sourceEntity>2BAD7865-535E-48EB-78FC-1058B137A326</sourceEntity>
<targetCardinalityString>*</targetCardinalityString>
<targetEntity>6C0CBD07-A65D-0D3E-207B-BE8211DDB3A4</targetEntity>
<transferable>true</transferable>
</Relation>