<?xml version = '1.0' encoding = 'UTF-8'?>
<Relation class="oracle.dbtools.crest.model.design.logical.Relation" name="FK_MC_CLIENTE_FISICA" directorySegmentName="seg_0" id="BCA0FFAD-4872-E612-AFA7-DEE591D63E90">
<createdBy>Gustavo Padlipskas</createdBy>
<createdTime>2022-02-15 21:50:24 UTC</createdTime>
<generatorID>147717CD-18B0-2F3C-6FEF-A935C9708543</generatorID>
<ownerDesignName>SGV_Melhores_Compras</ownerDesignName>
<engineerTo>
<item key="D3EA570C-CF09-A95D-0250-B56D1592D2C8" value="true"/>
</engineerTo>
<useSurrogateKey>true</useSurrogateKey>
<arc>08018085-962B-6CA6-ECE9-1BB30F4758FA</arc>
<dominantRole>5B44120A-DACC-A512-76A1-E40C28EBF8D3</dominantRole>
<identifying>true</identifying>
<optionalSource>true</optionalSource>
<optionalTarget>false</optionalTarget>
<sourceCardinality>1</sourceCardinality>
<sourceEntity>5B44120A-DACC-A512-76A1-E40C28EBF8D3</sourceEntity>
<targetCardinalityString>1</targetCardinalityString>
<targetEntity>680A0AA9-73CD-B998-6333-76D61B9AB472</targetEntity>
<transferable>true</transferable>
</Relation>