<?xml version = '1.0' encoding = 'UTF-8'?>
<Relation class="oracle.dbtools.crest.model.design.logical.Relation" name="FK_MC_CLIENTE_END" directorySegmentName="seg_0" id="C20FAF7E-A46A-0961-8F74-8C86F185CA02">
<createdBy>Gustavo Padlipskas</createdBy>
<createdTime>2022-02-15 21:50:24 UTC</createdTime>
<generatorID>944D3744-4BD5-17E8-F411-8B4FB1E58012</generatorID>
<ownerDesignName>SGV_Melhores_Compras</ownerDesignName>
<engineerTo>
<item key="D3EA570C-CF09-A95D-0250-B56D1592D2C8" value="true"/>
</engineerTo>
<useSurrogateKey>true</useSurrogateKey>
<identifying>true</identifying>
<optionalSource>true</optionalSource>
<optionalTarget>false</optionalTarget>
<sourceCardinality>1</sourceCardinality>
<sourceEntity>5B44120A-DACC-A512-76A1-E40C28EBF8D3</sourceEntity>
<targetCardinalityString>*</targetCardinalityString>
<targetEntity>8BC3F790-37D5-1417-C970-537C89D8E20E</targetEntity>
<transferable>true</transferable>
</Relation>