<?xml version = '1.0' encoding = 'UTF-8'?>
<Relation class="oracle.dbtools.crest.model.design.logical.Relation" name="FK_MC_LOGRADOURO_END" directorySegmentName="seg_0" id="C5396065-2053-4203-A270-09D78A4A3B52">
<createdBy>Gustavo Padlipskas</createdBy>
<createdTime>2022-02-15 21:50:24 UTC</createdTime>
<generatorID>635B0A50-BC90-DBDF-7C86-E90F954388D6</generatorID>
<ownerDesignName>SGV_Melhores_Compras</ownerDesignName>
<engineerTo>
<item key="D3EA570C-CF09-A95D-0250-B56D1592D2C8" value="true"/>
</engineerTo>
<useSurrogateKey>true</useSurrogateKey>
<identifying>true</identifying>
<optionalSource>true</optionalSource>
<optionalTarget>false</optionalTarget>
<sourceCardinality>1</sourceCardinality>
<sourceEntity>2BAD7865-535E-48EB-78FC-1058B137A326</sourceEntity>
<targetCardinalityString>*</targetCardinalityString>
<targetEntity>8BC3F790-37D5-1417-C970-537C89D8E20E</targetEntity>
<transferable>true</transferable>
</Relation>