<?xml version = '1.0' encoding = 'UTF-8'?>
<Relation class="oracle.dbtools.crest.model.design.logical.Relation" name="FK_MC_FUNC_SUPERIOR" directorySegmentName="seg_0" id="C8D54C70-FB4A-C6E5-8328-6BDE64AE778A">
<createdBy>Gustavo Padlipskas</createdBy>
<createdTime>2022-02-15 21:50:24 UTC</createdTime>
<generatorID>8148B60A-06EC-12E4-EB47-68AFBD06E2AA</generatorID>
<ownerDesignName>SGV_Melhores_Compras</ownerDesignName>
<engineerTo>
<item key="D3EA570C-CF09-A95D-0250-B56D1592D2C8" value="true"/>
</engineerTo>
<useSurrogateKey>true</useSurrogateKey>
<identifying>false</identifying>
<optionalSource>true</optionalSource>
<optionalTarget>true</optionalTarget>
<sourceCardinality>1</sourceCardinality>
<sourceEntity>923AF2A0-4E0C-EA8F-76F7-B5168890BA2D</sourceEntity>
<targetCardinalityString>*</targetCardinalityString>
<targetEntity>923AF2A0-4E0C-EA8F-76F7-B5168890BA2D</targetEntity>
<transferable>true</transferable>
</Relation>