<?xml version = '1.0' encoding = 'UTF-8'?>
<Relation class="oracle.dbtools.crest.model.design.logical.Relation" name="FK_MC_CIDADE_ESTADO" directorySegmentName="seg_0" id="DC013220-ABD8-F4DB-BC1A-B5792E3B8249">
<createdBy>Gustavo Padlipskas</createdBy>
<createdTime>2022-02-15 21:50:24 UTC</createdTime>
<generatorID>6A70E11E-2F9B-C184-D9A4-3246F0B4C0DD</generatorID>
<ownerDesignName>SGV_Melhores_Compras</ownerDesignName>
<engineerTo>
<item key="D3EA570C-CF09-A95D-0250-B56D1592D2C8" value="true"/>
</engineerTo>
<useSurrogateKey>true</useSurrogateKey>
<identifying>false</identifying>
<optionalSource>true</optionalSource>
<optionalTarget>false</optionalTarget>
<sourceCardinality>1</sourceCardinality>
<sourceEntity>6BBB390A-FD09-9E66-3FD6-0C5CC67689AA</sourceEntity>
<targetCardinalityString>*</targetCardinalityString>
<targetEntity>C0B9C36C-741B-5157-48C6-33C17F5CB2FF</targetEntity>
<transferable>true</transferable>
</Relation>