<?xml version = '1.0' encoding = 'UTF-8'?>
<Relation class="oracle.dbtools.crest.model.design.logical.Relation" name="FK_MC_DEPTO_FUNC" directorySegmentName="seg_0" id="E87DFEFB-01DD-85F3-95A8-1E315EB8A4C5">
<createdBy>Gustavo Padlipskas</createdBy>
<createdTime>2022-02-15 21:50:24 UTC</createdTime>
<generatorID>7E660816-4F19-C357-EAE4-45C7900EE26C</generatorID>
<ownerDesignName>SGV_Melhores_Compras</ownerDesignName>
<engineerTo>
<item key="D3EA570C-CF09-A95D-0250-B56D1592D2C8" value="true"/>
</engineerTo>
<useSurrogateKey>true</useSurrogateKey>
<identifying>false</identifying>
<optionalSource>true</optionalSource>
<optionalTarget>false</optionalTarget>
<sourceCardinality>1</sourceCardinality>
<sourceEntity>A415FA3C-65F8-DDB3-14F3-00B2DE270E32</sourceEntity>
<targetCardinalityString>*</targetCardinalityString>
<targetEntity>923AF2A0-4E0C-EA8F-76F7-B5168890BA2D</targetEntity>
<transferable>true</transferable>
<deleteRule>NO ACTION</deleteRule>
</Relation>