<?xml version = '1.0' encoding = 'UTF-8'?>
<Relation class="oracle.dbtools.crest.model.design.logical.Relation" name="FK_MC_CLIENTE_JURIDICA" directorySegmentName="seg_0" id="ED9C2BA7-AE4C-ED05-3078-AFB5D036A0E1">
<createdBy>Gustavo Padlipskas</createdBy>
<createdTime>2022-02-15 21:50:24 UTC</createdTime>
<generatorID>32004F6C-A7F9-B126-0177-8629B6EA5426</generatorID>
<ownerDesignName>SGV_Melhores_Compras</ownerDesignName>
<engineerTo>
<item key="D3EA570C-CF09-A95D-0250-B56D1592D2C8" value="true"/>
</engineerTo>
<useSurrogateKey>true</useSurrogateKey>
<arc>08018085-962B-6CA6-ECE9-1BB30F4758FA</arc>
<dominantRole>5B44120A-DACC-A512-76A1-E40C28EBF8D3</dominantRole>
<identifying>true</identifying>
<optionalSource>true</optionalSource>
<optionalTarget>false</optionalTarget>
<sourceCardinality>1</sourceCardinality>
<sourceEntity>5B44120A-DACC-A512-76A1-E40C28EBF8D3</sourceEntity>
<targetCardinalityString>1</targetCardinalityString>
<targetEntity>FA5D5CBD-DEEF-C222-6289-3783609F3188</targetEntity>
<transferable>true</transferable>
</Relation>